Survived,Age,SibSp,Parch,Fare,Master.,Miss.,Mr.,Mrs.,Other,CabinNo,A_CABIN,B_CABIN,C_CABIN,D_CABIN,E_CABIN,F_CABIN,G_CABIN,T_CABIN,InCabin,class_1,class_2,class_3,C,Q,S,female,male,FamilyAboard,IsAlone
0,22.0,1,0,7.25,0,0,1,0,0,0,0,0,0,0,0,0,0,0,False,0,0,1,0,0,1,0,1,1,False
1,38.0,1,0,71.2833,0,0,0,1,0,85,0,0,1,0,0,0,0,0,True,1,0,0,1,0,0,1,0,1,False
1,26.0,0,0,7.925,0,1,0,0,0,0,0,0,0,0,0,0,0,0,False,0,0,1,0,0,1,1,0,0,True
1,35.0,1,0,53.1,0,0,0,1,0,123,0,0,1,0,0,0,0,0,True,1,0,0,0,0,1,1,0,1,False
0,35.0,0,0,8.05,0,0,1,0,0,0,0,0,0,0,0,0,0,0,False,0,0,1,0,0,1,0,1,0,True
0,36.46166108500672,0,0,8.4583,0,0,1,0,0,0,0,0,0,0,0,0,0,0,False,0,0,1,0,1,0,0,1,0,True
0,54.0,0,0,51.8625,0,0,1,0,0,46,0,0,0,0,1,0,0,0,True,1,0,0,0,0,1,0,1,0,True
0,2.0,3,1,21.075,1,0,0,0,0,0,0,0,0,0,0,0,0,0,False,0,0,1,0,0,1,0,1,4,False
1,27.0,0,2,11.1333,0,0,0,1,0,0,0,0,0,0,0,0,0,0,False,0,0,1,0,0,1,1,0,2,False
1,14.0,1,0,30.0708,0,0,0,1,0,0,0,0,0,0,0,0,0,0,False,0,1,0,1,0,0,1,0,1,False
1,4.0,1,1,16.7,0,1,0,0,0,6,0,0,0,0,0,0,1,0,True,0,0,1,0,0,1,1,0,2,False
1,58.0,0,0,26.55,0,1,0,0,0,103,0,0,1,0,0,0,0,0,True,1,0,0,0,0,1,1,0,0,True
0,20.0,0,0,8.05,0,0,1,0,0,0,0,0,0,0,0,0,0,0,False,0,0,1,0,0,1,0,1,0,True
0,39.0,1,5,31.275,0,0,1,0,0,0,0,0,0,0,0,0,0,0,False,0,0,1,0,0,1,0,1,6,False
0,14.0,0,0,7.8542,0,1,0,0,0,0,0,0,0,0,0,0,0,0,False,0,0,1,0,0,1,1,0,0,True
1,55.0,0,0,16.0,0,0,0,1,0,0,0,0,0,0,0,0,0,0,False,0,1,0,0,0,1,1,0,0,True
0,2.0,4,1,29.125,1,0,0,0,0,0,0,0,0,0,0,0,0,0,False,0,0,1,0,1,0,0,1,5,False
1,23.107288287210793,0,0,13.0,0,0,1,0,0,0,0,0,0,0,0,0,0,0,False,0,1,0,0,0,1,0,1,0,True
0,31.0,1,0,18.0,0,0,0,1,0,0,0,0,0,0,0,0,0,0,False,0,0,1,0,0,1,1,0,1,False
1,20.594040324631923,0,0,7.225,0,0,0,1,0,0,0,0,0,0,0,0,0,0,False,0,0,1,1,0,0,1,0,0,True
0,35.0,0,0,26.0,0,0,1,0,0,0,0,0,0,0,0,0,0,0,False,0,1,0,0,0,1,0,1,0,True
1,34.0,0,0,13.0,0,0,1,0,0,56,0,0,0,1,0,0,0,0,True,0,1,0,0,0,1,0,1,0,True
1,15.0,0,0,8.0292,0,1,0,0,0,0,0,0,0,0,0,0,0,0,False,0,0,1,0,1,0,1,0,0,True
1,28.0,0,0,35.5,0,0,1,0,0,6,1,0,0,0,0,0,0,0,True,1,0,0,0,0,1,0,1,0,True
0,8.0,3,1,21.075,0,1,0,0,0,0,0,0,0,0,0,0,0,0,False,0,0,1,0,0,1,1,0,4,False
1,38.0,1,5,31.3875,0,0,0,1,0,0,0,0,0,0,0,0,0,0,False,0,0,1,0,0,1,1,0,6,False
0,24.831475435461538,0,0,7.225,0,0,1,0,0,0,0,0,0,0,0,0,0,0,False,0,0,1,1,0,0,0,1,0,True
0,19.0,3,2,263.0,0,0,1,0,0,27,0,0,1,0,0,0,0,0,True,1,0,0,0,0,1,0,1,5,False
1,21.499004027239785,0,0,7.8792,0,1,0,0,0,0,0,0,0,0,0,0,0,0,False,0,0,1,0,1,0,1,0,0,True
0,39.61882764053007,0,0,7.8958,0,0,1,0,0,0,0,0,0,0,0,0,0,0,False,0,0,1,0,0,1,0,1,0,True
0,40.0,0,0,27.7208,0,0,0,0,1,0,0,0,0,0,0,0,0,0,False,1,0,0,1,0,0,0,1,0,True
1,42.84663206424854,1,0,146.5208,0,0,0,1,0,78,0,1,0,0,0,0,0,0,True,1,0,0,1,0,0,1,0,1,False
1,31.199413122521275,0,0,7.75,0,1,0,0,0,0,0,0,0,0,0,0,0,0,False,0,0,1,0,1,0,1,0,0,True
0,66.0,0,0,10.5,0,0,1,0,0,0,0,0,0,0,0,0,0,0,False,0,1,0,0,0,1,0,1,0,True
0,28.0,1,0,82.1708,0,0,1,0,0,0,0,0,0,0,0,0,0,0,False,1,0,0,1,0,0,0,1,1,False
0,42.0,1,0,52.0,0,0,1,0,0,0,0,0,0,0,0,0,0,0,False,1,0,0,0,0,1,0,1,1,False
1,27.219009369983045,0,0,7.2292,0,0,1,0,0,0,0,0,0,0,0,0,0,0,False,0,0,1,1,0,0,0,1,0,True
0,21.0,0,0,8.05,0,0,1,0,0,0,0,0,0,0,0,0,0,0,False,0,0,1,0,0,1,0,1,0,True
0,18.0,2,0,18.0,0,1,0,0,0,0,0,0,0,0,0,0,0,0,False,0,0,1,0,0,1,1,0,2,False
1,14.0,1,0,11.2417,0,1,0,0,0,0,0,0,0,0,0,0,0,0,False,0,0,1,1,0,0,1,0,1,False
0,40.0,1,0,9.475,0,0,0,1,0,0,0,0,0,0,0,0,0,0,False,0,0,1,0,0,1,1,0,1,False
0,27.0,1,0,21.0,0,0,0,1,0,0,0,0,0,0,0,0,0,0,False,0,1,0,0,0,1,1,0,1,False
0,20.11329691523988,0,0,7.8958,0,0,1,0,0,0,0,0,0,0,0,0,0,0,False,0,0,1,1,0,0,0,1,0,True
1,3.0,1,2,41.5792,0,1,0,0,0,0,0,0,0,0,0,0,0,0,False,0,1,0,1,0,0,1,0,3,False
1,19.0,0,0,7.8792,0,1,0,0,0,0,0,0,0,0,0,0,0,0,False,0,0,1,0,1,0,1,0,0,True
0,6.961808066014175,0,0,8.05,0,0,1,0,0,0,0,0,0,0,0,0,0,0,False,0,0,1,0,0,1,0,1,0,True
0,36.79892604968739,1,0,15.5,0,0,1,0,0,0,0,0,0,0,0,0,0,0,False,0,0,1,0,1,0,0,1,1,False
1,64.64934188574973,0,0,7.75,0,1,0,0,0,0,0,0,0,0,0,0,0,0,False,0,0,1,0,1,0,1,0,0,True
0,44.72291298194526,2,0,21.6792,0,0,1,0,0,0,0,0,0,0,0,0,0,0,False,0,0,1,1,0,0,0,1,2,False
0,18.0,1,0,17.8,0,0,0,1,0,0,0,0,0,0,0,0,0,0,False,0,0,1,0,0,1,1,0,1,False
0,7.0,4,1,39.6875,1,0,0,0,0,0,0,0,0,0,0,0,0,0,False,0,0,1,0,0,1,0,1,5,False
0,21.0,0,0,7.8,0,0,1,0,0,0,0,0,0,0,0,0,0,0,False,0,0,1,0,0,1,0,1,0,True
1,49.0,1,0,76.7292,0,0,0,1,0,33,0,0,0,1,0,0,0,0,True,1,0,0,1,0,0,1,0,1,False
1,29.0,1,0,26.0,0,0,0,1,0,0,0,0,0,0,0,0,0,0,False,0,1,0,0,0,1,1,0,1,False
0,65.0,0,1,61.9792,0,0,1,0,0,30,0,1,0,0,0,0,0,0,True,1,0,0,1,0,0,0,1,1,False
1,24.773022448536413,0,0,35.5,0,0,1,0,0,52,0,0,1,0,0,0,0,0,True,1,0,0,0,0,1,0,1,0,True
1,21.0,0,0,10.5,0,1,0,0,0,0,0,0,0,0,0,0,0,0,False,0,1,0,0,0,1,1,0,0,True
0,28.5,0,0,7.2292,0,0,1,0,0,0,0,0,0,0,0,0,0,0,False,0,0,1,1,0,0,0,1,0,True
1,5.0,1,2,27.75,0,1,0,0,0,0,0,0,0,0,0,0,0,0,False,0,1,0,0,0,1,1,0,3,False
0,11.0,5,2,46.9,1,0,0,0,0,0,0,0,0,0,0,0,0,0,False,0,0,1,0,0,1,0,1,7,False
0,22.0,0,0,7.2292,0,0,1,0,0,0,0,0,0,0,0,0,0,0,False,0,0,1,1,0,0,0,1,0,True
0,45.0,1,0,83.475,0,0,1,0,0,83,0,0,1,0,0,0,0,0,True,1,0,0,0,0,1,0,1,1,False
0,4.0,3,2,27.9,1,0,0,0,0,0,0,0,0,0,0,0,0,0,False,0,0,1,0,0,1,0,1,5,False
0,25.972602366962622,0,0,27.7208,0,0,1,0,0,0,0,0,0,0,0,0,0,0,False,1,0,0,1,0,0,0,1,0,True
1,28.03813573715046,1,1,15.2458,1,0,0,0,0,0,0,0,0,0,0,0,0,0,False,0,0,1,1,0,0,0,1,2,False
1,29.0,0,0,10.5,0,0,0,1,0,33,0,0,0,0,0,1,0,0,True,0,1,0,0,0,1,1,0,0,True
0,19.0,0,0,8.1583,0,0,1,0,0,0,0,0,0,0,0,0,0,0,False,0,0,1,0,0,1,0,1,0,True
1,17.0,4,2,7.925,0,1,0,0,0,0,0,0,0,0,0,0,0,0,False,0,0,1,0,0,1,1,0,6,False
0,26.0,2,0,8.6625,0,0,1,0,0,0,0,0,0,0,0,0,0,0,False,0,0,1,0,0,1,0,1,2,False
0,32.0,0,0,10.5,0,0,1,0,0,0,0,0,0,0,0,0,0,0,False,0,1,0,0,0,1,0,1,0,True
0,16.0,5,2,46.9,0,1,0,0,0,0,0,0,0,0,0,0,0,0,False,0,0,1,0,0,1,1,0,7,False
0,21.0,0,0,73.5,0,0,1,0,0,0,0,0,0,0,0,0,0,0,False,0,1,0,0,0,1,0,1,0,True
0,26.0,1,0,14.4542,0,0,1,0,0,0,0,0,0,0,0,0,0,0,False,0,0,1,1,0,0,0,1,1,False
1,32.0,0,0,56.4958,0,0,1,0,0,0,0,0,0,0,0,0,0,0,False,0,0,1,0,0,1,0,1,0,True
0,25.0,0,0,7.65,0,0,1,0,0,73,0,0,0,0,0,0,1,0,True,0,0,1,0,0,1,0,1,0,True
0,8.47419876661321,0,0,7.8958,0,0,1,0,0,0,0,0,0,0,0,0,0,0,False,0,0,1,0,0,1,0,1,0,True
0,39.66527184325804,0,0,8.05,0,0,1,0,0,0,0,0,0,0,0,0,0,0,False,0,0,1,0,0,1,0,1,0,True
1,0.83,0,2,29.0,1,0,0,0,0,0,0,0,0,0,0,0,0,0,False,0,1,0,0,0,1,0,1,2,False
1,30.0,0,0,12.475,0,1,0,0,0,0,0,0,0,0,0,0,0,0,False,0,0,1,0,0,1,1,0,0,True
0,22.0,0,0,9.0,0,0,1,0,0,0,0,0,0,0,0,0,0,0,False,0,0,1,0,0,1,0,1,0,True
1,29.0,0,0,9.5,0,0,1,0,0,0,0,0,0,0,0,0,0,0,False,0,0,1,0,0,1,0,1,0,True
1,15.182874314775868,0,0,7.7875,0,1,0,0,0,0,0,0,0,0,0,0,0,0,False,0,0,1,0,1,0,1,0,0,True
0,28.0,0,0,47.1,0,0,1,0,0,0,0,0,0,0,0,0,0,0,False,1,0,0,0,0,1,0,1,0,True
1,17.0,0,0,10.5,0,1,0,0,0,0,0,0,0,0,0,0,0,0,False,0,1,0,0,0,1,1,0,0,True
1,33.0,3,0,15.85,0,0,0,1,0,0,0,0,0,0,0,0,0,0,False,0,0,1,0,0,1,1,0,3,False
0,16.0,1,3,34.375,0,0,1,0,0,0,0,0,0,0,0,0,0,0,False,0,0,1,0,0,1,0,1,4,False
0,33.740801948225645,0,0,8.05,0,0,1,0,0,0,0,0,0,0,0,0,0,0,False,0,0,1,0,0,1,0,1,0,True
1,23.0,3,2,263.0,0,1,0,0,0,27,0,0,1,0,0,0,0,0,True,1,0,0,0,0,1,1,0,5,False
0,24.0,0,0,8.05,0,0,1,0,0,0,0,0,0,0,0,0,0,0,False,0,0,1,0,0,1,0,1,0,True
0,29.0,0,0,8.05,0,0,1,0,0,0,0,0,0,0,0,0,0,0,False,0,0,1,0,0,1,0,1,0,True
0,20.0,0,0,7.8542,0,0,1,0,0,0,0,0,0,0,0,0,0,0,False,0,0,1,0,0,1,0,1,0,True
0,46.0,1,0,61.175,0,0,1,0,0,31,0,0,0,0,1,0,0,0,True,1,0,0,0,0,1,0,1,1,False
0,26.0,1,2,20.575,0,0,1,0,0,0,0,0,0,0,0,0,0,0,False,0,0,1,0,0,1,0,1,3,False
0,59.0,0,0,7.25,0,0,1,0,0,0,0,0,0,0,0,0,0,0,False,0,0,1,0,0,1,0,1,0,True
0,6.49289393814497,0,0,8.05,0,0,1,0,0,0,0,0,0,0,0,0,0,0,False,0,0,1,0,0,1,0,1,0,True
0,71.0,0,0,34.6542,0,0,1,0,0,5,1,0,0,0,0,0,0,0,True,1,0,0,1,0,0,0,1,0,True
1,23.0,0,1,63.3583,0,0,1,0,0,12,0,0,0,1,0,0,0,0,True,1,0,0,1,0,0,0,1,1,False
1,34.0,0,1,23.0,0,0,0,1,0,0,0,0,0,0,0,0,0,0,False,0,1,0,0,0,1,1,0,1,False
0,34.0,1,0,26.0,0,0,1,0,0,0,0,0,0,0,0,0,0,0,False,0,1,0,0,0,1,0,1,1,False
0,28.0,0,0,7.8958,0,1,0,0,0,0,0,0,0,0,0,0,0,0,False,0,0,1,0,0,1,1,0,0,True
0,35.367881090429826,0,0,7.8958,0,0,1,0,0,0,0,0,0,0,0,0,0,0,False,0,0,1,0,0,1,0,1,0,True
0,21.0,0,1,77.2875,0,0,1,0,0,26,0,0,0,1,0,0,0,0,True,1,0,0,0,0,1,0,1,1,False
0,33.0,0,0,8.6542,0,0,1,0,0,0,0,0,0,0,0,0,0,0,False,0,0,1,0,0,1,0,1,0,True
0,37.0,2,0,7.925,0,0,1,0,0,0,0,0,0,0,0,0,0,0,False,0,0,1,0,0,1,0,1,2,False
0,28.0,0,0,7.8958,0,0,1,0,0,0,0,0,0,0,0,0,0,0,False,0,0,1,0,0,1,0,1,0,True
1,21.0,0,0,7.65,0,1,0,0,0,0,0,0,0,0,0,0,0,0,False,0,0,1,0,0,1,1,0,0,True
1,48.6757421078198,0,0,7.775,0,0,1,0,0,0,0,0,0,0,0,0,0,0,False,0,0,1,0,0,1,0,1,0,True
0,38.0,0,0,7.8958,0,0,1,0,0,0,0,0,0,0,0,0,0,0,False,0,0,1,0,0,1,0,1,0,True
1,36.93990072223256,1,0,24.15,0,1,0,0,0,0,0,0,0,0,0,0,0,0,False,0,0,1,0,1,0,1,0,1,False
0,47.0,0,0,52.0,0,0,1,0,0,110,0,0,1,0,0,0,0,0,True,1,0,0,0,0,1,0,1,0,True
0,14.5,1,0,14.4542,0,1,0,0,0,0,0,0,0,0,0,0,0,0,False,0,0,1,1,0,0,1,0,1,False
0,22.0,0,0,8.05,0,0,1,0,0,0,0,0,0,0,0,0,0,0,False,0,0,1,0,0,1,0,1,0,True
0,20.0,1,0,9.825,0,1,0,0,0,0,0,0,0,0,0,0,0,0,False,0,0,1,0,0,1,1,0,1,False
0,17.0,0,0,14.4583,0,1,0,0,0,0,0,0,0,0,0,0,0,0,False,0,0,1,1,0,0,1,0,0,True
0,21.0,0,0,7.925,0,0,1,0,0,0,0,0,0,0,0,0,0,0,False,0,0,1,0,0,1,0,1,0,True
0,70.5,0,0,7.75,0,0,1,0,0,0,0,0,0,0,0,0,0,0,False,0,0,1,0,1,0,0,1,0,True
0,29.0,1,0,21.0,0,0,1,0,0,0,0,0,0,0,0,0,0,0,False,0,1,0,0,0,1,0,1,1,False
0,24.0,0,1,247.5208,0,0,1,0,0,60,0,1,0,0,0,0,0,0,True,1,0,0,1,0,0,0,1,1,False
0,2.0,4,2,31.275,0,1,0,0,0,0,0,0,0,0,0,0,0,0,False,0,0,1,0,0,1,1,0,6,False
0,21.0,2,0,73.5,0,0,1,0,0,0,0,0,0,0,0,0,0,0,False,0,1,0,0,0,1,0,1,2,False
0,27.272646902230118,0,0,8.05,0,0,1,0,0,0,0,0,0,0,0,0,0,0,False,0,0,1,0,0,1,0,1,0,True
0,32.5,1,0,30.0708,0,0,1,0,0,0,0,0,0,0,0,0,0,0,False,0,1,0,1,0,0,0,1,1,False
1,32.5,0,0,13.0,0,1,0,0,0,101,0,0,0,0,1,0,0,0,True,0,1,0,0,0,1,1,0,0,True
0,54.0,0,1,77.2875,0,0,1,0,0,26,0,0,0,1,0,0,0,0,True,1,0,0,0,0,1,0,1,1,False
1,12.0,1,0,11.2417,1,0,0,0,0,0,0,0,0,0,0,0,0,0,False,0,0,1,1,0,0,0,1,1,False
0,3.9278113309607683,0,0,7.75,0,0,1,0,0,0,0,0,0,0,0,0,0,0,False,0,0,1,0,1,0,0,1,0,True
1,24.0,0,0,7.1417,0,0,1,0,0,0,0,0,0,0,0,0,0,0,False,0,0,1,0,0,1,0,1,0,True
1,33.72253208444059,1,1,22.3583,0,1,0,0,0,69,0,0,0,0,1,0,0,0,True,0,0,1,1,0,0,1,0,2,False
0,45.0,0,0,6.975,0,0,1,0,0,0,0,0,0,0,0,0,0,0,False,0,0,1,0,0,1,0,1,0,True
0,33.0,0,0,7.8958,0,0,1,0,0,0,0,0,0,0,0,0,0,0,False,0,0,1,1,0,0,0,1,0,True
0,20.0,0,0,7.05,0,0,1,0,0,0,0,0,0,0,0,0,0,0,False,0,0,1,0,0,1,0,1,0,True
0,47.0,1,0,14.5,0,0,0,1,0,0,0,0,0,0,0,0,0,0,False,0,0,1,0,0,1,1,0,1,False
1,29.0,1,0,26.0,0,0,0,1,0,0,0,0,0,0,0,0,0,0,False,0,1,0,0,0,1,1,0,1,False
0,25.0,0,0,13.0,0,0,1,0,0,0,0,0,0,0,0,0,0,0,False,0,1,0,0,0,1,0,1,0,True
0,23.0,0,0,15.0458,0,0,1,0,0,0,0,0,0,0,0,0,0,0,False,0,1,0,1,0,0,0,1,0,True
1,19.0,0,2,26.2833,0,1,0,0,0,47,0,0,0,1,0,0,0,0,True,1,0,0,0,0,1,1,0,2,False
0,37.0,1,0,53.1,0,0,1,0,0,123,0,0,1,0,0,0,0,0,True,1,0,0,0,0,1,0,1,1,False
0,16.0,0,0,9.2167,0,0,1,0,0,0,0,0,0,0,0,0,0,0,False,0,0,1,0,0,1,0,1,0,True
0,24.0,0,0,79.2,0,0,1,0,0,86,0,1,0,0,0,0,0,0,True,1,0,0,1,0,0,0,1,0,True
0,33.323970234347016,0,2,15.2458,0,0,0,1,0,0,0,0,0,0,0,0,0,0,False,0,0,1,1,0,0,1,0,2,False
1,22.0,0,0,7.75,0,1,0,0,0,0,0,0,0,0,0,0,0,0,False,0,0,1,0,0,1,1,0,0,True
1,24.0,1,0,15.85,0,0,0,1,0,0,0,0,0,0,0,0,0,0,False,0,0,1,0,0,1,1,0,1,False
0,19.0,0,0,6.75,0,0,1,0,0,0,0,0,0,0,0,0,0,0,False,0,0,1,0,1,0,0,1,0,True
0,18.0,0,0,11.5,0,0,1,0,0,0,0,0,0,0,0,0,0,0,False,0,1,0,0,0,1,0,1,0,True
0,19.0,1,1,36.75,0,0,1,0,0,0,0,0,0,0,0,0,0,0,False,0,1,0,0,0,1,0,1,2,False
1,27.0,0,0,7.7958,0,0,1,0,0,0,0,0,0,0,0,0,0,0,False,0,0,1,0,0,1,0,1,0,True
0,9.0,2,2,34.375,0,1,0,0,0,0,0,0,0,0,0,0,0,0,False,0,0,1,0,0,1,1,0,4,False
0,36.5,0,2,26.0,0,0,1,0,0,2,0,0,0,0,0,1,0,0,True,0,1,0,0,0,1,0,1,2,False
0,42.0,0,0,13.0,0,0,0,0,1,0,0,0,0,0,0,0,0,0,False,0,1,0,0,0,1,0,1,0,True
0,51.0,0,0,12.525,0,0,0,0,1,0,0,0,0,0,0,0,0,0,False,0,1,0,0,0,1,0,1,0,True
1,22.0,1,0,66.6,0,0,0,1,0,2,0,0,1,0,0,0,0,0,True,1,0,0,0,0,1,1,0,1,False
0,55.5,0,0,8.05,0,0,1,0,0,0,0,0,0,0,0,0,0,0,False,0,0,1,0,0,1,0,1,0,True
0,40.5,0,2,14.5,0,0,1,0,0,0,0,0,0,0,0,0,0,0,False,0,0,1,0,0,1,0,1,2,False
0,27.18135190081325,0,0,7.3125,0,0,1,0,0,0,0,0,0,0,0,0,0,0,False,0,0,1,0,0,1,0,1,0,True
0,51.0,0,1,61.3792,0,0,1,0,0,0,0,0,0,0,0,0,0,0,False,1,0,0,1,0,0,0,1,1,False
1,16.0,0,0,7.7333,0,1,0,0,0,0,0,0,0,0,0,0,0,0,False,0,0,1,0,1,0,1,0,0,True
0,30.0,0,0,8.05,0,0,1,0,0,0,0,0,0,0,0,0,0,0,False,0,0,1,0,0,1,0,1,0,True
0,19.380052892403455,0,0,8.6625,0,0,1,0,0,0,0,0,0,0,0,0,0,0,False,0,0,1,0,0,1,0,1,0,True
0,29.69911764705882,8,2,69.55,1,0,0,0,0,0,0,0,0,0,0,0,0,0,False,0,0,1,0,0,1,0,1,10,False
0,44.0,0,1,16.1,0,0,1,0,0,0,0,0,0,0,0,0,0,0,False,0,0,1,0,0,1,0,1,1,False
1,40.0,0,0,15.75,0,0,0,1,0,0,0,0,0,0,0,0,0,0,False,0,1,0,0,0,1,1,0,0,True
0,26.0,0,0,7.775,0,0,1,0,0,0,0,0,0,0,0,0,0,0,False,0,0,1,0,0,1,0,1,0,True
0,17.0,0,0,8.6625,0,0,1,0,0,0,0,0,0,0,0,0,0,0,False,0,0,1,0,0,1,0,1,0,True
0,1.0,4,1,39.6875,1,0,0,0,0,0,0,0,0,0,0,0,0,0,False,0,0,1,0,0,1,0,1,5,False
1,9.0,0,2,20.525,1,0,0,0,0,0,0,0,0,0,0,0,0,0,False,0,0,1,0,0,1,0,1,2,False
1,28.803868754286423,0,1,55.0,0,0,0,1,0,33,0,0,0,0,1,0,0,0,True,1,0,0,0,0,1,1,0,1,False
0,45.0,1,4,27.9,0,0,0,1,0,0,0,0,0,0,0,0,0,0,False,0,0,1,0,0,1,1,0,5,False
0,19.443966476483048,0,0,25.925,0,0,1,0,0,0,0,0,0,0,0,0,0,0,False,1,0,0,0,0,1,0,1,0,True
0,28.0,0,0,56.4958,0,0,1,0,0,0,0,0,0,0,0,0,0,0,False,0,0,1,0,0,1,0,1,0,True
0,61.0,0,0,33.5,0,0,1,0,0,19,0,1,0,0,0,0,0,0,True,1,0,0,0,0,1,0,1,0,True
0,4.0,4,1,29.125,1,0,0,0,0,0,0,0,0,0,0,0,0,0,False,0,0,1,0,1,0,0,1,5,False
1,1.0,1,1,11.1333,0,1,0,0,0,0,0,0,0,0,0,0,0,0,False,0,0,1,0,0,1,1,0,2,False
0,21.0,0,0,7.925,0,0,1,0,0,0,0,0,0,0,0,0,0,0,False,0,0,1,0,0,1,0,1,0,True
0,56.0,0,0,30.6958,0,0,1,0,0,7,1,0,0,0,0,0,0,0,True,1,0,0,1,0,0,0,1,0,True
0,18.0,1,1,7.8542,0,0,1,0,0,0,0,0,0,0,0,0,0,0,False,0,0,1,0,0,1,0,1,2,False
0,38.62245782376108,3,1,25.4667,1,0,0,0,0,0,0,0,0,0,0,0,0,0,False,0,0,1,0,0,1,0,1,4,False
0,50.0,0,0,28.7125,0,1,0,0,0,49,0,0,1,0,0,0,0,0,True,1,0,0,1,0,0,1,0,0,True
0,30.0,0,0,13.0,0,0,1,0,0,0,0,0,0,0,0,0,0,0,False,0,1,0,0,0,1,0,1,0,True
0,36.0,0,0,0.0,0,0,1,0,0,0,0,0,0,0,0,0,0,0,False,0,0,1,0,0,1,0,1,0,True
0,42.823741845269296,8,2,69.55,0,1,0,0,0,0,0,0,0,0,0,0,0,0,False,0,0,1,0,0,1,1,0,10,False
0,14.257744639130015,0,0,15.05,0,0,1,0,0,0,0,0,0,0,0,0,0,0,False,0,1,0,1,0,0,0,1,0,True
0,9.0,4,2,31.3875,1,0,0,0,0,0,0,0,0,0,0,0,0,0,False,0,0,1,0,0,1,0,1,6,False
1,1.0,2,1,39.0,1,0,0,0,0,4,0,0,0,0,0,1,0,0,True,0,1,0,0,0,1,0,1,3,False
1,4.0,0,2,22.025,0,1,0,0,0,0,0,0,0,0,0,0,0,0,False,0,0,1,0,0,1,1,0,2,False
0,43.905882222605605,0,0,50.0,0,0,1,0,0,32,1,0,0,0,0,0,0,0,True,1,0,0,0,0,1,0,1,0,True
1,33.30530504467009,1,0,15.5,0,0,0,1,0,0,0,0,0,0,0,0,0,0,False,0,0,1,0,1,0,1,0,1,False
1,45.0,0,0,26.55,0,0,1,0,0,0,0,0,0,0,0,0,0,0,False,1,0,0,0,0,1,0,1,0,True
0,40.0,1,1,15.5,0,0,1,0,0,0,0,0,0,0,0,0,0,0,False,0,0,1,0,1,0,0,1,2,False
0,36.0,0,0,7.8958,0,0,1,0,0,0,0,0,0,0,0,0,0,0,False,0,0,1,0,0,1,0,1,0,True
1,32.0,0,0,13.0,0,0,0,1,0,0,0,0,0,0,0,0,0,0,False,0,1,0,0,0,1,1,0,0,True
0,19.0,0,0,13.0,0,0,1,0,0,0,0,0,0,0,0,0,0,0,False,0,1,0,0,0,1,0,1,0,True
1,19.0,1,0,7.8542,0,1,0,0,0,0,0,0,0,0,0,0,0,0,False,0,0,1,0,0,1,1,0,1,False
1,3.0,1,1,26.0,1,0,0,0,0,2,0,0,0,0,0,1,0,0,True,0,1,0,0,0,1,0,1,2,False
1,44.0,0,0,27.7208,0,0,0,1,0,4,0,1,0,0,0,0,0,0,True,1,0,0,1,0,0,1,0,0,True
1,58.0,0,0,146.5208,0,1,0,0,0,80,0,1,0,0,0,0,0,0,True,1,0,0,1,0,0,1,0,0,True
0,28.61359744007268,0,0,7.75,0,0,1,0,0,0,0,0,0,0,0,0,0,0,False,0,0,1,0,1,0,0,1,0,True
0,42.0,0,1,8.4042,0,0,1,0,0,0,0,0,0,0,0,0,0,0,False,0,0,1,0,0,1,0,1,1,False
1,38.82612005798807,0,0,7.75,0,1,0,0,0,0,0,0,0,0,0,0,0,0,False,0,0,1,0,1,0,1,0,0,True
0,24.0,0,0,13.0,0,1,0,0,0,0,0,0,0,0,0,0,0,0,False,0,1,0,0,0,1,1,0,0,True
0,28.0,0,0,9.5,0,0,1,0,0,0,0,0,0,0,0,0,0,0,False,0,0,1,0,0,1,0,1,0,True
0,43.72682610726571,8,2,69.55,0,0,1,0,0,0,0,0,0,0,0,0,0,0,False,0,0,1,0,0,1,0,1,10,False
0,34.0,0,0,6.4958,0,0,1,0,0,0,0,0,0,0,0,0,0,0,False,0,0,1,0,0,1,0,1,0,True
0,45.5,0,0,7.225,0,0,1,0,0,0,0,0,0,0,0,0,0,0,False,0,0,1,1,0,0,0,1,0,True
1,18.0,0,0,8.05,0,0,1,0,0,0,0,0,0,0,0,0,0,0,False,0,0,1,0,0,1,0,1,0,True
0,2.0,0,1,10.4625,0,1,0,0,0,6,0,0,0,0,0,0,1,0,True,0,0,1,0,0,1,1,0,1,False
0,32.0,1,0,15.85,0,0,1,0,0,0,0,0,0,0,0,0,0,0,False,0,0,1,0,0,1,0,1,1,False
1,26.0,0,0,18.7875,0,0,1,0,0,0,0,0,0,0,0,0,0,0,False,0,0,1,1,0,0,0,1,0,True
1,16.0,0,0,7.75,0,1,0,0,0,0,0,0,0,0,0,0,0,0,False,0,0,1,0,1,0,1,0,0,True
1,40.0,0,0,31.0,0,0,1,0,0,31,1,0,0,0,0,0,0,0,True,1,0,0,1,0,0,0,1,0,True
0,24.0,0,0,7.05,0,0,1,0,0,0,0,0,0,0,0,0,0,0,False,0,0,1,0,0,1,0,1,0,True
1,35.0,0,0,21.0,0,1,0,0,0,0,0,0,0,0,0,0,0,0,False,0,1,0,0,0,1,1,0,0,True
0,22.0,0,0,7.25,0,0,1,0,0,0,0,0,0,0,0,0,0,0,False,0,0,1,0,0,1,0,1,0,True
0,30.0,0,0,13.0,0,0,1,0,0,0,0,0,0,0,0,0,0,0,False,0,1,0,0,0,1,0,1,0,True
0,38.432959553554745,1,0,7.75,0,0,1,0,0,0,0,0,0,0,0,0,0,0,False,0,0,1,0,1,0,0,1,1,False
1,31.0,1,0,113.275,0,1,0,0,0,36,0,0,0,1,0,0,0,0,True,1,0,0,1,0,0,1,0,1,False
1,27.0,0,0,7.925,0,1,0,0,0,0,0,0,0,0,0,0,0,0,False,0,0,1,0,0,1,1,0,0,True
0,42.0,1,0,27.0,0,0,1,0,0,0,0,0,0,0,0,0,0,0,False,0,1,0,0,0,1,0,1,1,False
1,32.0,0,0,76.2917,0,1,0,0,0,15,0,0,0,1,0,0,0,0,True,1,0,0,1,0,0,1,0,0,True
0,30.0,0,0,10.5,0,0,1,0,0,0,0,0,0,0,0,0,0,0,False,0,1,0,0,0,1,0,1,0,True
1,16.0,0,0,8.05,0,0,1,0,0,0,0,0,0,0,0,0,0,0,False,0,0,1,0,0,1,0,1,0,True
0,27.0,0,0,13.0,0,0,1,0,0,0,0,0,0,0,0,0,0,0,False,0,1,0,0,0,1,0,1,0,True
0,51.0,0,0,8.05,0,0,1,0,0,0,0,0,0,0,0,0,0,0,False,0,0,1,0,0,1,0,1,0,True
0,33.66322408243551,0,0,7.8958,0,0,1,0,0,0,0,0,0,0,0,0,0,0,False,0,0,1,0,0,1,0,1,0,True
1,38.0,1,0,90.0,0,0,1,0,0,93,0,0,1,0,0,0,0,0,True,1,0,0,0,0,1,0,1,1,False
0,22.0,0,0,9.35,0,0,1,0,0,0,0,0,0,0,0,0,0,0,False,0,0,1,0,0,1,0,1,0,True
1,19.0,0,0,10.5,0,0,1,0,0,0,0,0,0,0,0,0,0,0,False,0,1,0,0,0,1,0,1,0,True
0,20.5,0,0,7.25,0,0,1,0,0,0,0,0,0,0,0,0,0,0,False,0,0,1,0,0,1,0,1,0,True
0,18.0,0,0,13.0,0,0,1,0,0,0,0,0,0,0,0,0,0,0,False,0,1,0,0,0,1,0,1,0,True
0,21.86448058305894,3,1,25.4667,0,1,0,0,0,0,0,0,0,0,0,0,0,0,False,0,0,1,0,0,1,1,0,4,False
1,35.0,1,0,83.475,0,0,0,1,0,83,0,0,1,0,0,0,0,0,True,1,0,0,0,0,1,1,0,1,False
0,29.0,0,0,7.775,0,0,1,0,0,0,0,0,0,0,0,0,0,0,False,0,0,1,0,0,1,0,1,0,True
0,59.0,0,0,13.5,0,0,1,0,0,0,0,0,0,0,0,0,0,0,False,0,1,0,0,0,1,0,1,0,True
1,5.0,4,2,31.3875,0,1,0,0,0,0,0,0,0,0,0,0,0,0,False,0,0,1,0,0,1,1,0,6,False
0,24.0,0,0,10.5,0,0,1,0,0,0,0,0,0,0,0,0,0,0,False,0,1,0,0,0,1,0,1,0,True
0,29.69911764705882,0,0,7.55,0,1,0,0,0,0,0,0,0,0,0,0,0,0,False,0,0,1,0,0,1,1,0,0,True
0,44.0,1,0,26.0,0,0,1,0,0,0,0,0,0,0,0,0,0,0,False,0,1,0,0,0,1,0,1,1,False
1,8.0,0,2,26.25,0,1,0,0,0,0,0,0,0,0,0,0,0,0,False,0,1,0,0,0,1,1,0,2,False
0,19.0,0,0,10.5,0,0,1,0,0,0,0,0,0,0,0,0,0,0,False,0,1,0,0,0,1,0,1,0,True
0,33.0,0,0,12.275,0,0,1,0,0,0,0,0,0,0,0,0,0,0,False,0,1,0,0,0,1,0,1,0,True
0,41.21570647209388,1,0,14.4542,0,1,0,0,0,0,0,0,0,0,0,0,0,0,False,0,0,1,1,0,0,1,0,1,False
1,42.39075804513825,1,0,15.5,0,1,0,0,0,0,0,0,0,0,0,0,0,0,False,0,0,1,0,1,0,1,0,1,False
0,29.0,0,0,10.5,0,0,1,0,0,0,0,0,0,0,0,0,0,0,False,0,1,0,0,0,1,0,1,0,True
0,22.0,0,0,7.125,0,0,1,0,0,0,0,0,0,0,0,0,0,0,False,0,0,1,0,0,1,0,1,0,True
0,30.0,0,0,7.225,0,0,1,0,0,0,0,0,0,0,0,0,0,0,False,0,0,1,1,0,0,0,1,0,True
0,44.0,2,0,90.0,0,0,0,0,1,78,0,0,1,0,0,0,0,0,True,1,0,0,0,1,0,0,1,2,False
0,25.0,0,0,7.775,0,1,0,0,0,0,0,0,0,0,0,0,0,0,False,0,0,1,0,0,1,1,0,0,True
1,24.0,0,2,14.5,0,0,0,1,0,0,0,0,0,0,0,0,0,0,False,0,1,0,0,0,1,1,0,2,False
1,37.0,1,1,52.5542,0,0,1,0,0,35,0,0,0,1,0,0,0,0,True,1,0,0,0,0,1,0,1,2,False
0,54.0,1,0,26.0,0,0,0,0,1,0,0,0,0,0,0,0,0,0,False,0,1,0,0,0,1,0,1,1,False
0,29.09945962788427,0,0,7.25,0,0,1,0,0,0,0,0,0,0,0,0,0,0,False,0,0,1,0,0,1,0,1,0,True
0,29.0,1,1,10.4625,0,0,0,1,0,6,0,0,0,0,0,0,1,0,True,0,0,1,0,0,1,1,0,2,False
0,62.0,0,0,26.55,0,0,1,0,0,87,0,0,1,0,0,0,0,0,True,1,0,0,0,0,1,0,1,0,True
0,30.0,1,0,16.1,0,0,1,0,0,0,0,0,0,0,0,0,0,0,False,0,0,1,0,0,1,0,1,1,False
0,41.0,0,2,20.2125,0,0,0,1,0,0,0,0,0,0,0,0,0,0,False,0,0,1,0,0,1,1,0,2,False
1,29.0,0,2,15.2458,0,0,0,1,0,0,0,0,0,0,0,0,0,0,False,0,0,1,1,0,0,1,0,2,False
1,28.30969844095752,0,0,79.2,0,0,0,1,0,0,0,0,0,0,0,0,0,0,False,1,0,0,1,0,0,1,0,0,True
1,30.0,0,0,86.5,0,1,0,0,0,77,0,1,0,0,0,0,0,0,True,1,0,0,0,0,1,1,0,0,True
1,35.0,0,0,512.3292,0,1,0,0,0,0,0,0,0,0,0,0,0,0,False,1,0,0,1,0,0,1,0,0,True
1,50.0,0,1,26.0,0,0,0,1,0,0,0,0,0,0,0,0,0,0,False,0,1,0,0,0,1,1,0,1,False
0,18.59616640361299,0,0,7.75,0,0,1,0,0,0,0,0,0,0,0,0,0,0,False,0,0,1,0,1,0,0,1,0,True
1,3.0,4,2,31.3875,1,0,0,0,0,0,0,0,0,0,0,0,0,0,False,0,0,1,0,0,1,0,1,6,False
0,52.0,1,1,79.65,0,0,1,0,0,67,0,0,0,0,1,0,0,0,True,1,0,0,0,0,1,0,1,2,False
0,40.0,0,0,0.0,0,0,1,0,0,94,0,1,0,0,0,0,0,0,True,1,0,0,0,0,1,0,1,0,True
0,47.712387617363774,0,0,7.75,0,1,0,0,0,0,0,0,0,0,0,0,0,0,False,0,0,1,0,1,0,1,0,0,True
0,36.0,0,0,10.5,0,0,1,0,0,0,0,0,0,0,0,0,0,0,False,0,1,0,0,0,1,0,1,0,True
0,16.0,4,1,39.6875,0,0,1,0,0,0,0,0,0,0,0,0,0,0,False,0,0,1,0,0,1,0,1,5,False
1,25.0,1,0,7.775,0,0,1,0,0,0,0,0,0,0,0,0,0,0,False,0,0,1,0,0,1,0,1,1,False
1,58.0,0,1,153.4625,0,0,0,1,0,125,0,0,1,0,0,0,0,0,True,1,0,0,0,0,1,1,0,1,False
1,35.0,0,0,135.6333,0,1,0,0,0,99,0,0,1,0,0,0,0,0,True,1,0,0,0,0,1,1,0,0,True
0,22.10266503774939,0,0,31.0,0,0,1,0,0,0,0,0,0,0,0,0,0,0,False,1,0,0,0,0,1,0,1,0,True
1,25.0,0,0,0.0,0,0,1,0,0,0,0,0,0,0,0,0,0,0,False,0,0,1,0,0,1,0,1,0,True
1,41.0,0,1,19.5,0,0,0,1,0,0,0,0,0,0,0,0,0,0,False,0,1,0,0,0,1,1,0,1,False
0,37.0,0,1,29.7,0,0,1,0,0,118,0,0,1,0,0,0,0,0,True,1,0,0,1,0,0,0,1,1,False
1,45.18310383557805,0,0,7.75,0,1,0,0,0,0,0,0,0,0,0,0,0,0,False,0,0,1,0,1,0,1,0,0,True
1,63.0,1,0,77.9583,0,1,0,0,0,7,0,0,0,1,0,0,0,0,True,1,0,0,0,0,1,1,0,1,False
0,45.0,0,0,7.75,0,1,0,0,0,0,0,0,0,0,0,0,0,0,False,0,0,1,0,0,1,1,0,0,True
0,38.07074084512055,0,0,0.0,0,0,1,0,0,0,0,0,0,0,0,0,0,0,False,0,1,0,0,0,1,0,1,0,True
0,7.0,4,1,29.125,1,0,0,0,0,0,0,0,0,0,0,0,0,0,False,0,0,1,0,1,0,0,1,5,False
1,35.0,1,1,20.25,0,0,0,1,0,0,0,0,0,0,0,0,0,0,False,0,0,1,0,0,1,1,0,2,False
0,65.0,0,0,7.75,0,0,1,0,0,0,0,0,0,0,0,0,0,0,False,0,0,1,0,1,0,0,1,0,True
0,28.0,0,0,7.8542,0,0,1,0,0,0,0,0,0,0,0,0,0,0,False,0,0,1,0,0,1,0,1,0,True
0,16.0,0,0,9.5,0,0,1,0,0,0,0,0,0,0,0,0,0,0,False,0,0,1,0,0,1,0,1,0,True
1,19.0,0,0,8.05,0,0,1,0,0,0,0,0,0,0,0,0,0,0,False,0,0,1,0,0,1,0,1,0,True
0,42.18055818687987,0,0,26.0,0,0,1,0,0,19,1,0,0,0,0,0,0,0,True,1,0,0,0,0,1,0,1,0,True
0,33.0,0,0,8.6625,0,0,1,0,0,0,0,0,0,0,0,0,0,0,False,0,0,1,1,0,0,0,1,0,True
1,30.0,0,0,9.5,0,0,1,0,0,0,0,0,0,0,0,0,0,0,False,0,0,1,0,0,1,0,1,0,True
0,22.0,0,0,7.8958,0,0,1,0,0,0,0,0,0,0,0,0,0,0,False,0,0,1,0,0,1,0,1,0,True
1,42.0,0,0,13.0,0,0,1,0,0,0,0,0,0,0,0,0,0,0,False,0,1,0,0,0,1,0,1,0,True
1,22.0,0,0,7.75,0,1,0,0,0,0,0,0,0,0,0,0,0,0,False,0,0,1,0,1,0,1,0,0,True
1,26.0,0,0,78.85,0,1,0,0,0,0,0,0,0,0,0,0,0,0,False,1,0,0,0,0,1,1,0,0,True
1,19.0,1,0,91.0792,0,0,0,1,0,49,0,1,0,0,0,0,0,0,True,1,0,0,1,0,0,1,0,1,False
0,36.0,0,0,12.875,0,0,1,0,0,0,0,0,0,1,0,0,0,0,True,0,1,0,1,0,0,0,1,0,True
0,24.0,0,0,8.85,0,1,0,0,0,0,0,0,0,0,0,0,0,0,False,0,0,1,0,0,1,1,0,0,True
0,24.0,0,0,7.8958,0,0,1,0,0,0,0,0,0,0,0,0,0,0,False,0,0,1,0,0,1,0,1,0,True
0,53.21431279625514,0,0,27.7208,0,0,1,0,0,0,0,0,0,0,0,0,0,0,False,1,0,0,1,0,0,0,1,0,True
0,23.5,0,0,7.2292,0,0,1,0,0,0,0,0,0,0,0,0,0,0,False,0,0,1,1,0,0,0,1,0,True
0,2.0,1,2,151.55,0,1,0,0,0,26,0,0,1,0,0,0,0,0,True,1,0,0,0,0,1,1,0,3,False
1,40.75240926001729,0,0,30.5,0,0,1,0,0,106,0,0,1,0,0,0,0,0,True,1,0,0,0,0,1,0,1,0,True
1,50.0,0,1,247.5208,0,0,0,1,0,60,0,1,0,0,0,0,0,0,True,1,0,0,1,0,0,1,0,1,False
1,14.77197705708738,0,0,7.75,0,1,0,0,0,0,0,0,0,0,0,0,0,0,False,0,0,1,0,1,0,1,0,0,True
1,56.66345190582446,2,0,23.25,0,0,1,0,0,0,0,0,0,0,0,0,0,0,False,0,0,1,0,1,0,0,1,2,False
0,19.0,0,0,0.0,0,0,1,0,0,0,0,0,0,0,0,0,0,0,False,0,0,1,0,0,1,0,1,0,True
1,10.345558561296283,0,0,12.35,0,1,0,0,0,101,0,0,0,0,1,0,0,0,True,0,1,0,0,1,0,1,0,0,True
0,24.252830265849333,0,0,8.05,0,0,1,0,0,0,0,0,0,0,0,0,0,0,False,0,0,1,0,0,1,0,1,0,True
1,0.92,1,2,151.55,1,0,0,0,0,26,0,0,1,0,0,0,0,0,True,1,0,0,0,0,1,0,1,3,False
1,25.350834902584534,0,0,110.8833,0,1,0,0,0,0,0,0,0,0,0,0,0,0,False,1,0,0,1,0,0,1,0,0,True
1,17.0,1,0,108.9,0,0,0,1,0,65,0,0,1,0,0,0,0,0,True,1,0,0,1,0,0,1,0,1,False
0,30.0,1,0,24.0,0,0,1,0,0,0,0,0,0,0,0,0,0,0,False,0,1,0,1,0,0,0,1,1,False
1,30.0,0,0,56.9292,0,1,0,0,0,36,0,0,0,0,1,0,0,0,True,1,0,0,1,0,0,1,0,0,True
1,24.0,0,0,83.1583,0,1,0,0,0,54,0,0,1,0,0,0,0,0,True,1,0,0,1,0,0,1,0,0,True
1,18.0,2,2,262.375,0,1,0,0,0,66,0,1,0,0,0,0,0,0,True,1,0,0,1,0,0,1,0,4,False
0,26.0,1,1,26.0,0,0,0,1,0,0,0,0,0,0,0,0,0,0,False,0,1,0,0,0,1,1,0,2,False
0,28.0,0,0,7.8958,0,0,1,0,0,0,0,0,0,0,0,0,0,0,False,0,0,1,0,0,1,0,1,0,True
0,43.0,1,1,26.25,0,0,1,0,0,0,0,0,0,0,0,0,0,0,False,0,1,0,0,0,1,0,1,2,False
1,26.0,0,0,7.8542,0,1,0,0,0,0,0,0,0,0,0,0,0,0,False,0,0,1,0,0,1,1,0,0,True
1,24.0,1,0,26.0,0,0,0,1,0,0,0,0,0,0,0,0,0,0,False,0,1,0,0,0,1,1,0,1,False
0,54.0,0,0,14.0,0,0,0,0,1,0,0,0,0,0,0,0,0,0,False,0,1,0,0,0,1,0,1,0,True
1,31.0,0,2,164.8667,0,1,0,0,0,7,0,0,1,0,0,0,0,0,True,1,0,0,0,0,1,1,0,2,False
1,40.0,1,1,134.5,0,0,0,1,0,34,0,0,0,0,1,0,0,0,True,1,0,0,1,0,0,1,0,2,False
0,22.0,0,0,7.25,0,0,1,0,0,0,0,0,0,0,0,0,0,0,False,0,0,1,0,0,1,0,1,0,True
0,27.0,0,0,7.8958,0,0,1,0,0,0,0,0,0,0,0,0,0,0,False,0,0,1,0,0,1,0,1,0,True
1,30.0,0,0,12.35,0,1,0,0,0,0,0,0,0,0,0,0,0,0,False,0,1,0,0,1,0,1,0,0,True
1,22.0,1,1,29.0,0,0,0,1,0,0,0,0,0,0,0,0,0,0,False,0,1,0,0,0,1,1,0,2,False
0,41.95850254482009,8,2,69.55,0,0,1,0,0,0,0,0,0,0,0,0,0,0,False,0,0,1,0,0,1,0,1,10,False
1,36.0,0,0,135.6333,0,1,0,0,0,32,0,0,1,0,0,0,0,0,True,1,0,0,1,0,0,1,0,0,True
0,61.0,0,0,6.2375,0,0,1,0,0,0,0,0,0,0,0,0,0,0,False,0,0,1,0,0,1,0,1,0,True
1,36.0,0,0,13.0,0,0,0,1,0,0,0,0,0,1,0,0,0,0,True,0,1,0,0,0,1,1,0,0,True
1,31.0,1,1,20.525,0,0,0,1,0,0,0,0,0,0,0,0,0,0,False,0,0,1,0,0,1,1,0,2,False
1,16.0,0,1,57.9792,0,1,0,0,0,18,0,1,0,0,0,0,0,0,True,1,0,0,1,0,0,1,0,1,False
1,25.97886828318517,2,0,23.25,0,1,0,0,0,0,0,0,0,0,0,0,0,0,False,0,0,1,0,1,0,1,0,2,False
0,45.5,0,0,28.5,0,0,1,0,0,124,0,0,1,0,0,0,0,0,True,1,0,0,0,0,1,0,1,0,True
0,38.0,0,1,153.4625,0,0,1,0,0,91,0,0,1,0,0,0,0,0,True,1,0,0,0,0,1,0,1,1,False
0,16.0,2,0,18.0,0,0,1,0,0,0,0,0,0,0,0,0,0,0,False,0,0,1,0,0,1,0,1,2,False
1,13.152745111086134,1,0,133.65,0,0,0,1,0,0,0,0,0,0,0,0,0,0,False,1,0,0,0,0,1,1,0,1,False
0,21.879702120024564,0,0,7.8958,0,0,1,0,0,0,0,0,0,0,0,0,0,0,False,0,0,1,0,0,1,0,1,0,True
0,29.0,1,0,66.6,0,0,1,0,0,2,0,0,1,0,0,0,0,0,True,1,0,0,0,0,1,0,1,1,False
1,41.0,0,0,134.5,0,1,0,0,0,40,0,0,0,0,1,0,0,0,True,1,0,0,1,0,0,1,0,0,True
1,45.0,0,0,8.05,0,0,1,0,0,0,0,0,0,0,0,0,0,0,False,0,0,1,0,0,1,0,1,0,True
0,45.0,0,0,35.5,0,0,1,0,0,0,0,0,0,0,0,0,0,1,True,1,0,0,0,0,1,0,1,0,True
1,2.0,1,1,26.0,1,0,0,0,0,2,0,0,0,0,0,1,0,0,True,0,1,0,0,0,1,0,1,2,False
1,24.0,3,2,263.0,0,1,0,0,0,27,0,0,1,0,0,0,0,0,True,1,0,0,0,0,1,1,0,5,False
0,28.0,0,0,13.0,0,0,1,0,0,0,0,0,0,0,0,0,0,0,False,0,1,0,0,0,1,0,1,0,True
0,25.0,0,0,13.0,0,0,1,0,0,0,0,0,0,0,0,0,0,0,False,0,1,0,0,0,1,0,1,0,True
0,36.0,0,0,13.0,0,0,1,0,0,0,0,0,0,0,0,0,0,0,False,0,1,0,0,0,1,0,1,0,True
1,24.0,0,0,13.0,0,1,0,0,0,33,0,0,0,0,0,1,0,0,True,0,1,0,0,0,1,1,0,0,True
1,40.0,0,0,13.0,0,1,0,0,0,0,0,0,0,0,0,0,0,0,False,0,1,0,0,0,1,1,0,0,True
1,11.13417232521115,1,0,16.1,0,0,0,1,0,0,0,0,0,0,0,0,0,0,False,0,0,1,0,0,1,1,0,1,False
1,3.0,1,1,15.9,1,0,0,0,0,0,0,0,0,0,0,0,0,0,False,0,0,1,0,0,1,0,1,2,False
0,42.0,0,0,8.6625,0,0,1,0,0,0,0,0,0,0,0,0,0,0,False,0,0,1,0,0,1,0,1,0,True
0,23.0,0,0,9.225,0,0,1,0,0,0,0,0,0,0,0,0,0,0,False,0,0,1,0,0,1,0,1,0,True
0,26.183076777362906,0,0,35.0,0,0,1,0,0,128,0,0,1,0,0,0,0,0,True,1,0,0,0,0,1,0,1,0,True
0,15.0,1,1,7.2292,0,0,1,0,0,0,0,0,0,0,0,0,0,0,False,0,0,1,1,0,0,0,1,2,False
0,25.0,1,0,17.8,0,0,1,0,0,0,0,0,0,0,0,0,0,0,False,0,0,1,0,0,1,0,1,1,False
0,46.541033976599174,0,0,7.225,0,0,1,0,0,0,0,0,0,0,0,0,0,0,False,0,0,1,1,0,0,0,1,0,True
0,28.0,0,0,9.5,0,0,1,0,0,0,0,0,0,0,0,0,0,0,False,0,0,1,0,0,1,0,1,0,True
1,22.0,0,1,55.0,0,1,0,0,0,33,0,0,0,0,1,0,0,0,True,1,0,0,0,0,1,1,0,1,False
0,38.0,0,0,13.0,0,1,0,0,0,0,0,0,0,0,0,0,0,0,False,0,1,0,0,0,1,1,0,0,True
1,22.422905662141574,0,0,7.8792,0,1,0,0,0,0,0,0,0,0,0,0,0,0,False,0,0,1,0,1,0,1,0,0,True
1,34.61320482738364,0,0,7.8792,0,1,0,0,0,0,0,0,0,0,0,0,0,0,False,0,0,1,0,1,0,1,0,0,True
0,40.0,1,4,27.9,0,0,1,0,0,0,0,0,0,0,0,0,0,0,False,0,0,1,0,0,1,0,1,5,False
0,29.0,1,0,27.7208,0,0,1,0,0,0,0,0,0,0,0,0,0,0,False,0,1,0,1,0,0,0,1,1,False
0,45.0,0,1,14.4542,0,0,0,1,0,0,0,0,0,0,0,0,0,0,False,0,0,1,1,0,0,1,0,1,False
0,35.0,0,0,7.05,0,0,1,0,0,0,0,0,0,0,0,0,0,0,False,0,0,1,0,0,1,0,1,0,True
0,5.176007916875339,1,0,15.5,0,0,1,0,0,0,0,0,0,0,0,0,0,0,False,0,0,1,0,1,0,0,1,1,False
0,30.0,0,0,7.25,0,0,1,0,0,0,0,0,0,0,0,0,0,0,False,0,0,1,0,0,1,0,1,0,True
1,60.0,1,0,75.25,0,0,0,1,0,37,0,0,0,1,0,0,0,0,True,1,0,0,1,0,0,1,0,1,False
1,42.37140284981382,0,0,7.2292,0,0,0,1,0,0,0,0,0,0,0,0,0,0,False,0,0,1,1,0,0,1,0,0,True
1,53.71211868864198,0,0,7.75,0,1,0,0,0,0,0,0,0,0,0,0,0,0,False,0,0,1,0,1,0,1,0,0,True
1,24.0,0,0,69.3,0,0,0,0,1,35,0,1,0,0,0,0,0,0,True,1,0,0,1,0,0,1,0,0,True
1,25.0,1,0,55.4417,0,0,1,0,0,50,0,0,0,0,1,0,0,0,True,1,0,0,1,0,0,0,1,1,False
0,18.0,1,0,6.4958,0,0,1,0,0,0,0,0,0,0,0,0,0,0,False,0,0,1,0,0,1,0,1,1,False
0,19.0,0,0,8.05,0,0,1,0,0,0,0,0,0,0,0,0,0,0,False,0,0,1,0,0,1,0,1,0,True
0,22.0,0,0,135.6333,0,0,1,0,0,0,0,0,0,0,0,0,0,0,False,1,0,0,1,0,0,0,1,0,True
0,3.0,3,1,21.075,0,1,0,0,0,0,0,0,0,0,0,0,0,0,False,0,0,1,0,0,1,1,0,4,False
1,32.051660812780604,1,0,82.1708,0,0,0,1,0,0,0,0,0,0,0,0,0,0,False,1,0,0,1,0,0,1,0,1,False
1,22.0,0,0,7.25,0,1,0,0,0,0,0,0,0,0,0,0,0,0,False,0,0,1,0,0,1,1,0,0,True
0,27.0,0,2,211.5,0,0,1,0,0,82,0,0,1,0,0,0,0,0,True,1,0,0,1,0,0,0,1,2,False
0,20.0,0,0,4.0125,0,0,1,0,0,0,0,0,0,0,0,0,0,0,False,0,0,1,1,0,0,0,1,0,True
0,19.0,0,0,7.775,0,0,1,0,0,0,0,0,0,0,0,0,0,0,False,0,0,1,0,0,1,0,1,0,True
1,42.0,0,0,227.525,0,1,0,0,0,0,0,0,0,0,0,0,0,0,False,1,0,0,1,0,0,1,0,0,True
1,1.0,0,2,15.7417,0,1,0,0,0,0,0,0,0,0,0,0,0,0,False,0,0,1,1,0,0,1,0,2,False
0,32.0,0,0,7.925,0,0,1,0,0,0,0,0,0,0,0,0,0,0,False,0,0,1,0,0,1,0,1,0,True
1,35.0,1,0,52.0,0,0,0,1,0,0,0,0,0,0,0,0,0,0,False,1,0,0,0,0,1,1,0,1,False
0,20.825309244062453,0,0,7.8958,0,0,1,0,0,0,0,0,0,0,0,0,0,0,False,0,0,1,0,0,1,0,1,0,True
0,18.0,0,0,73.5,0,0,1,0,0,0,0,0,0,0,0,0,0,0,False,0,1,0,0,0,1,0,1,0,True
0,1.0,5,2,46.9,1,0,0,0,0,0,0,0,0,0,0,0,0,0,False,0,0,1,0,0,1,0,1,7,False
1,36.0,0,0,13.0,0,1,0,0,0,0,0,0,0,0,0,0,0,0,False,0,1,0,0,0,1,1,0,0,True
0,3.3864261366921653,0,0,7.7292,0,0,1,0,0,0,0,0,0,0,0,0,0,0,False,0,0,1,0,1,0,0,1,0,True
1,17.0,0,0,12.0,0,1,0,0,0,0,0,0,0,0,0,0,0,0,False,0,1,0,1,0,0,1,0,0,True
1,36.0,1,2,120.0,0,0,1,0,0,98,0,1,0,0,0,0,0,0,True,1,0,0,0,0,1,0,1,3,False
1,21.0,0,0,7.7958,0,0,1,0,0,0,0,0,0,0,0,0,0,0,False,0,0,1,0,0,1,0,1,0,True
0,28.0,2,0,7.925,0,0,1,0,0,0,0,0,0,0,0,0,0,0,False,0,0,1,0,0,1,0,1,2,False
1,23.0,1,0,113.275,0,1,0,0,0,36,0,0,0,1,0,0,0,0,True,1,0,0,1,0,0,1,0,1,False
1,24.0,0,2,16.7,0,0,0,1,0,6,0,0,0,0,0,0,1,0,True,0,0,1,0,0,1,1,0,2,False
0,22.0,0,0,7.7958,0,0,1,0,0,0,0,0,0,0,0,0,0,0,False,0,0,1,0,0,1,0,1,0,True
0,31.0,0,0,7.8542,0,1,0,0,0,0,0,0,0,0,0,0,0,0,False,0,0,1,0,0,1,1,0,0,True
0,46.0,0,0,26.0,0,0,1,0,0,0,0,0,0,0,0,0,0,0,False,0,1,0,0,0,1,0,1,0,True
0,23.0,0,0,10.5,0,0,0,0,1,0,0,0,0,0,0,0,0,0,False,0,1,0,0,0,1,0,1,0,True
1,28.0,0,0,12.65,0,0,0,1,0,0,0,0,0,0,0,0,0,0,False,0,1,0,0,0,1,1,0,0,True
1,39.0,0,0,7.925,0,0,1,0,0,0,0,0,0,0,0,0,0,0,False,0,0,1,0,0,1,0,1,0,True
0,26.0,0,0,8.05,0,0,1,0,0,0,0,0,0,0,0,0,0,0,False,0,0,1,0,0,1,0,1,0,True
0,21.0,1,0,9.825,0,1,0,0,0,0,0,0,0,0,0,0,0,0,False,0,0,1,0,0,1,1,0,1,False
0,28.0,1,0,15.85,0,0,1,0,0,0,0,0,0,0,0,0,0,0,False,0,0,1,0,0,1,0,1,1,False
0,20.0,0,0,8.6625,0,1,0,0,0,0,0,0,0,0,0,0,0,0,False,0,0,1,0,0,1,1,0,0,True
0,34.0,1,0,21.0,0,0,1,0,0,0,0,0,0,0,0,0,0,0,False,0,1,0,0,0,1,0,1,1,False
0,51.0,0,0,7.75,0,0,1,0,0,0,0,0,0,0,0,0,0,0,False,0,0,1,0,0,1,0,1,0,True
1,3.0,1,1,18.75,1,0,0,0,0,0,0,0,0,0,0,0,0,0,False,0,1,0,0,0,1,0,1,2,False
0,21.0,0,0,7.775,0,0,1,0,0,0,0,0,0,0,0,0,0,0,False,0,0,1,0,0,1,0,1,0,True
0,37.57547804074763,3,1,25.4667,0,1,0,0,0,0,0,0,0,0,0,0,0,0,False,0,0,1,0,0,1,1,0,4,False
0,33.807226934451926,0,0,7.8958,0,0,1,0,0,0,0,0,0,0,0,0,0,0,False,0,0,1,0,0,1,0,1,0,True
0,21.897611882995434,0,0,6.8583,0,0,1,0,0,0,0,0,0,0,0,0,0,0,False,0,0,1,0,1,0,0,1,0,True
1,33.0,1,0,90.0,0,1,0,0,0,78,0,0,1,0,0,0,0,0,True,1,0,0,0,1,0,1,0,1,False
0,12.70883020701038,0,0,0.0,0,0,1,0,0,0,0,0,0,0,0,0,0,0,False,0,1,0,0,0,1,0,1,0,True
1,44.0,0,0,7.925,0,0,1,0,0,0,0,0,0,0,0,0,0,0,False,0,0,1,0,0,1,0,1,0,True
0,25.648306223549376,0,0,8.05,0,0,0,1,0,0,0,0,0,0,0,0,0,0,False,0,0,1,0,0,1,1,0,0,True
1,34.0,1,1,32.5,0,0,0,1,0,0,0,0,0,0,0,0,0,0,False,0,1,0,0,0,1,1,0,2,False
1,18.0,0,2,13.0,0,1,0,0,0,0,0,0,0,0,0,0,0,0,False,0,1,0,0,0,1,1,0,2,False
0,30.0,0,0,13.0,0,0,1,0,0,0,0,0,0,0,0,0,0,0,False,0,1,0,0,0,1,0,1,0,True
0,10.0,0,2,24.15,0,1,0,0,0,0,0,0,0,0,0,0,0,0,False,0,0,1,0,0,1,1,0,2,False
0,24.448867893173468,0,0,7.8958,0,0,1,0,0,0,0,0,0,0,0,0,0,0,False,0,0,1,1,0,0,0,1,0,True
0,21.0,0,0,7.7333,0,0,1,0,0,0,0,0,0,0,0,0,0,0,False,0,0,1,0,1,0,0,1,0,True
0,29.0,0,0,7.875,0,0,1,0,0,0,0,0,0,0,0,0,0,0,False,0,0,1,0,0,1,0,1,0,True
0,28.0,1,1,14.4,0,0,0,1,0,0,0,0,0,0,0,0,0,0,False,0,0,1,0,0,1,1,0,2,False
0,18.0,1,1,20.2125,0,0,1,0,0,0,0,0,0,0,0,0,0,0,False,0,0,1,0,0,1,0,1,2,False
0,5.521331900913385,0,0,7.25,0,0,1,0,0,0,0,0,0,0,0,0,0,0,False,0,0,1,0,0,1,0,1,0,True
1,28.0,1,0,26.0,0,0,0,1,0,0,0,0,0,0,0,0,0,0,False,0,1,0,0,0,1,1,0,1,False
1,19.0,0,0,26.0,0,1,0,0,0,0,0,0,0,0,0,0,0,0,False,0,1,0,0,0,1,1,0,0,True
0,19.050588575097684,0,0,7.75,0,0,1,0,0,0,0,0,0,0,0,0,0,0,False,0,0,1,0,1,0,0,1,0,True
1,32.0,0,0,8.05,0,0,1,0,0,10,0,0,0,0,1,0,0,0,True,0,0,1,0,0,1,0,1,0,True
1,28.0,0,0,26.55,0,0,1,0,0,52,0,0,1,0,0,0,0,0,True,1,0,0,0,0,1,0,1,0,True
1,35.1137584050484,1,0,16.1,0,0,0,1,0,0,0,0,0,0,0,0,0,0,False,0,0,1,0,0,1,1,0,1,False
1,42.0,1,0,26.0,0,0,0,1,0,0,0,0,0,0,0,0,0,0,False,0,1,0,0,0,1,1,0,1,False
0,17.0,0,0,7.125,0,0,1,0,0,0,0,0,0,0,0,0,0,0,False,0,0,1,0,0,1,0,1,0,True
0,50.0,1,0,55.9,0,0,1,0,0,44,0,0,0,0,1,0,0,0,True,1,0,0,0,0,1,0,1,1,False
1,14.0,1,2,120.0,0,1,0,0,0,98,0,1,0,0,0,0,0,0,True,1,0,0,0,0,1,1,0,3,False
0,21.0,2,2,34.375,0,1,0,0,0,0,0,0,0,0,0,0,0,0,False,0,0,1,0,0,1,1,0,4,False
1,24.0,2,3,18.75,0,0,0,1,0,0,0,0,0,0,0,0,0,0,False,0,1,0,0,0,1,1,0,5,False
0,64.0,1,4,263.0,0,0,1,0,0,27,0,0,1,0,0,0,0,0,True,1,0,0,0,0,1,0,1,5,False
0,31.0,0,0,10.5,0,0,1,0,0,0,0,0,0,0,0,0,0,0,False,0,1,0,0,0,1,0,1,0,True
1,45.0,1,1,26.25,0,0,0,1,0,0,0,0,0,0,0,0,0,0,False,0,1,0,0,0,1,1,0,2,False
0,20.0,0,0,9.5,0,0,1,0,0,0,0,0,0,0,0,0,0,0,False,0,0,1,0,0,1,0,1,0,True
0,25.0,1,0,7.775,0,0,1,0,0,0,0,0,0,0,0,0,0,0,False,0,0,1,0,0,1,0,1,1,False
1,28.0,0,0,13.0,0,0,0,0,1,0,0,0,0,0,0,0,0,0,False,0,1,0,0,0,1,1,0,0,True
1,45.495457081360264,0,0,8.1125,0,0,1,0,0,0,0,0,0,0,0,0,0,0,False,0,0,1,0,0,1,0,1,0,True
1,4.0,0,2,81.8583,1,0,0,0,0,34,1,0,0,0,0,0,0,0,True,1,0,0,0,0,1,0,1,2,False
1,13.0,0,1,19.5,0,1,0,0,0,0,0,0,0,0,0,0,0,0,False,0,1,0,0,0,1,1,0,1,False
1,34.0,0,0,26.55,0,0,1,0,0,0,0,0,0,0,0,0,0,0,False,1,0,0,0,0,1,0,1,0,True
1,5.0,2,1,19.2583,0,1,0,0,0,0,0,0,0,0,0,0,0,0,False,0,0,1,1,0,0,1,0,3,False
1,52.0,0,0,30.5,0,0,0,0,1,104,0,0,1,0,0,0,0,0,True,1,0,0,0,0,1,0,1,0,True
0,36.0,1,2,27.75,0,0,1,0,0,0,0,0,0,0,0,0,0,0,False,0,1,0,0,0,1,0,1,3,False
0,7.561552015730818,1,0,19.9667,0,0,1,0,0,0,0,0,0,0,0,0,0,0,False,0,0,1,0,0,1,0,1,1,False
0,30.0,0,0,27.75,0,0,1,0,0,111,0,0,1,0,0,0,0,0,True,1,0,0,1,0,0,0,1,0,True
1,49.0,1,0,89.1042,0,0,1,0,0,92,0,0,1,0,0,0,0,0,True,1,0,0,1,0,0,0,1,1,False
0,30.10469298593914,0,0,8.05,0,0,1,0,0,0,0,0,0,0,0,0,0,0,False,0,0,1,0,0,1,0,1,0,True
1,29.0,0,0,7.8958,0,0,1,0,0,0,0,0,0,0,0,0,0,0,False,0,0,1,1,0,0,0,1,0,True
0,65.0,0,0,26.55,0,0,1,0,0,38,0,0,0,0,1,0,0,0,True,1,0,0,0,0,1,0,1,0,True
1,38.55329499866669,1,0,51.8625,0,0,0,1,0,21,0,0,0,1,0,0,0,0,True,1,0,0,0,0,1,1,0,1,False
1,50.0,0,0,10.5,0,1,0,0,0,0,0,0,0,0,0,0,0,0,False,0,1,0,0,0,1,1,0,0,True
0,39.72857087016294,0,0,7.75,0,0,1,0,0,0,0,0,0,0,0,0,0,0,False,0,0,1,0,1,0,0,1,0,True
1,48.0,0,0,26.55,0,0,1,0,0,12,0,0,0,0,1,0,0,0,True,1,0,0,0,0,1,0,1,0,True
0,34.0,0,0,8.05,0,0,1,0,0,0,0,0,0,0,0,0,0,0,False,0,0,1,0,0,1,0,1,0,True
0,47.0,0,0,38.5,0,0,1,0,0,63,0,0,0,0,1,0,0,0,True,1,0,0,0,0,1,0,1,0,True
0,48.0,0,0,13.0,0,0,1,0,0,0,0,0,0,0,0,0,0,0,False,0,1,0,0,0,1,0,1,0,True
0,18.643338438309563,0,0,8.05,0,0,1,0,0,0,0,0,0,0,0,0,0,0,False,0,0,1,0,0,1,0,1,0,True
0,38.0,0,0,7.05,0,0,1,0,0,0,0,0,0,0,0,0,0,0,False,0,0,1,0,0,1,0,1,0,True
0,42.092913719786296,0,0,0.0,0,0,1,0,0,0,0,0,0,0,0,0,0,0,False,0,1,0,0,0,1,0,1,0,True
0,56.0,0,0,26.55,0,0,1,0,0,0,0,0,0,0,0,0,0,0,False,1,0,0,0,0,1,0,1,0,True
0,37.35809139809352,0,0,7.725,0,0,1,0,0,0,0,0,0,0,0,0,0,0,False,0,0,1,0,1,0,0,1,0,True
1,0.75,2,1,19.2583,0,1,0,0,0,0,0,0,0,0,0,0,0,0,False,0,0,1,1,0,0,1,0,3,False
0,37.29049118091005,0,0,7.25,0,0,1,0,0,0,0,0,0,0,0,0,0,0,False,0,0,1,0,0,1,0,1,0,True
0,38.0,0,0,8.6625,0,0,1,0,0,0,0,0,0,0,0,0,0,0,False,0,0,1,0,0,1,0,1,0,True
1,33.0,1,2,27.75,0,0,0,1,0,0,0,0,0,0,0,0,0,0,False,0,1,0,0,0,1,1,0,3,False
1,23.0,0,0,13.7917,0,0,0,1,0,0,0,0,0,1,0,0,0,0,True,0,1,0,1,0,0,1,0,0,True
0,22.0,0,0,9.8375,0,1,0,0,0,0,0,0,0,0,0,0,0,0,False,0,0,1,0,0,1,1,0,0,True
0,14.43192788700361,0,0,52.0,0,0,1,0,0,14,1,0,0,0,0,0,0,0,True,1,0,0,0,0,1,0,1,0,True
0,34.0,1,0,21.0,0,0,1,0,0,0,0,0,0,0,0,0,0,0,False,0,1,0,0,0,1,0,1,1,False
0,29.0,1,0,7.0458,0,0,1,0,0,0,0,0,0,0,0,0,0,0,False,0,0,1,0,0,1,0,1,1,False
0,22.0,0,0,7.5208,0,0,1,0,0,0,0,0,0,0,0,0,0,0,False,0,0,1,0,0,1,0,1,0,True
1,2.0,0,1,12.2875,0,1,0,0,0,0,0,0,0,0,0,0,0,0,False,0,0,1,0,0,1,1,0,1,False
0,9.0,5,2,46.9,1,0,0,0,0,0,0,0,0,0,0,0,0,0,False,0,0,1,0,0,1,0,1,7,False
0,18.815568932667787,0,0,0.0,0,0,1,0,0,0,0,0,0,0,0,0,0,0,False,0,1,0,0,0,1,0,1,0,True
0,50.0,0,0,8.05,0,0,1,0,0,0,0,0,0,0,0,0,0,0,False,0,0,1,0,0,1,0,1,0,True
1,63.0,0,0,9.5875,0,0,0,1,0,0,0,0,0,0,0,0,0,0,False,0,0,1,0,0,1,1,0,0,True
1,25.0,1,0,91.0792,0,0,1,0,0,49,0,1,0,0,0,0,0,0,True,1,0,0,1,0,0,0,1,1,False
0,33.341283840597114,3,1,25.4667,0,1,0,0,0,0,0,0,0,0,0,0,0,0,False,0,0,1,0,0,1,1,0,4,False
1,35.0,1,0,90.0,0,0,0,1,0,93,0,0,1,0,0,0,0,0,True,1,0,0,0,0,1,1,0,1,False
0,58.0,0,0,29.7,0,0,1,0,0,37,0,1,0,0,0,0,0,0,True,1,0,0,1,0,0,0,1,0,True
0,30.0,0,0,8.05,0,0,1,0,0,0,0,0,0,0,0,0,0,0,False,0,0,1,0,0,1,0,1,0,True
1,9.0,1,1,15.9,1,0,0,0,0,0,0,0,0,0,0,0,0,0,False,0,0,1,0,0,1,0,1,2,False
0,34.89827711860352,1,0,19.9667,0,0,1,0,0,0,0,0,0,0,0,0,0,0,False,0,0,1,0,0,1,0,1,1,False
0,21.0,0,0,7.25,0,0,1,0,0,0,0,0,0,0,0,0,0,0,False,0,0,1,0,0,1,0,1,0,True
0,55.0,0,0,30.5,0,0,1,0,0,30,0,0,1,0,0,0,0,0,True,1,0,0,0,0,1,0,1,0,True
0,71.0,0,0,49.5042,0,0,1,0,0,0,0,0,0,0,0,0,0,0,False,1,0,0,1,0,0,0,1,0,True
0,21.0,0,0,8.05,0,0,1,0,0,0,0,0,0,0,0,0,0,0,False,0,0,1,0,0,1,0,1,0,True
0,15.056966324120921,0,0,14.4583,0,0,1,0,0,0,0,0,0,0,0,0,0,0,False,0,0,1,1,0,0,0,1,0,True
1,54.0,1,0,78.2667,0,1,0,0,0,20,0,0,0,1,0,0,0,0,True,1,0,0,1,0,0,1,0,1,False
0,9.736586632969129,0,0,15.1,0,0,1,0,0,0,0,0,0,0,0,0,0,0,False,0,0,1,0,0,1,0,1,0,True
0,25.0,1,2,151.55,0,0,0,1,0,26,0,0,1,0,0,0,0,0,True,1,0,0,0,0,1,1,0,3,False
0,24.0,0,0,7.7958,0,0,1,0,0,0,0,0,0,0,0,0,0,0,False,0,0,1,0,0,1,0,1,0,True
0,17.0,0,0,8.6625,0,0,1,0,0,0,0,0,0,0,0,0,0,0,False,0,0,1,0,0,1,0,1,0,True
0,21.0,0,0,7.75,0,1,0,0,0,0,0,0,0,0,0,0,0,0,False,0,0,1,0,1,0,1,0,0,True
0,50.87462272566811,0,0,7.6292,0,1,0,0,0,0,0,0,0,0,0,0,0,0,False,0,0,1,0,1,0,1,0,0,True
0,37.0,0,0,9.5875,0,1,0,0,0,0,0,0,0,0,0,0,0,0,False,0,0,1,0,0,1,1,0,0,True
1,16.0,0,0,86.5,0,1,0,0,0,79,0,1,0,0,0,0,0,0,True,1,0,0,0,0,1,1,0,0,True
0,18.0,1,0,108.9,0,0,1,0,0,65,0,0,1,0,0,0,0,0,True,1,0,0,1,0,0,0,1,1,False
1,33.0,0,2,26.0,0,0,0,1,0,0,0,0,0,0,0,0,0,0,False,0,1,0,0,0,1,1,0,2,False
1,29.320222518182216,0,0,26.55,0,0,1,0,0,0,0,0,0,0,0,0,0,0,False,1,0,0,0,0,1,0,1,0,True
0,28.0,0,0,22.525,0,0,1,0,0,0,0,0,0,0,0,0,0,0,False,0,0,1,0,0,1,0,1,0,True
1,26.0,0,0,56.4958,0,0,1,0,0,0,0,0,0,0,0,0,0,0,False,0,0,1,0,0,1,0,1,0,True
1,29.0,0,0,7.75,0,0,1,0,0,0,0,0,0,0,0,0,0,0,False,0,0,1,0,1,0,0,1,0,True
0,5.037142970124716,0,0,8.05,0,0,1,0,0,0,0,0,0,0,0,0,0,0,False,0,0,1,0,0,1,0,1,0,True
1,36.0,0,0,26.2875,0,0,1,0,0,25,0,0,0,0,1,0,0,0,True,1,0,0,0,0,1,0,1,0,True
1,54.0,1,0,59.4,0,0,0,1,0,0,0,0,0,0,0,0,0,0,False,1,0,0,1,0,0,1,0,1,False
0,24.0,0,0,7.4958,0,0,1,0,0,0,0,0,0,0,0,0,0,0,False,0,0,1,0,0,1,0,1,0,True
0,47.0,0,0,34.0208,0,0,1,0,0,46,0,0,0,1,0,0,0,0,True,1,0,0,0,0,1,0,1,0,True
1,34.0,0,0,10.5,0,0,0,1,0,33,0,0,0,0,0,1,0,0,True,0,1,0,0,0,1,1,0,0,True
0,44.769499342637204,0,0,24.15,0,0,1,0,0,0,0,0,0,0,0,0,0,0,False,0,0,1,0,1,0,0,1,0,True
1,36.0,1,0,26.0,0,0,0,1,0,0,0,0,0,0,0,0,0,0,False,0,1,0,0,0,1,1,0,1,False
0,32.0,0,0,7.8958,0,0,1,0,0,0,0,0,0,0,0,0,0,0,False,0,0,1,0,0,1,0,1,0,True
1,30.0,0,0,93.5,0,1,0,0,0,73,0,1,0,0,0,0,0,0,True,1,0,0,0,0,1,1,0,0,True
0,22.0,0,0,7.8958,0,0,1,0,0,0,0,0,0,0,0,0,0,0,False,0,0,1,0,0,1,0,1,0,True
0,43.942242580017975,0,0,7.225,0,0,1,0,0,0,0,0,0,0,0,0,0,0,False,0,0,1,1,0,0,0,1,0,True
1,44.0,0,1,57.9792,0,0,0,1,0,18,0,1,0,0,0,0,0,0,True,1,0,0,1,0,0,1,0,1,False
0,19.996392710097176,0,0,7.2292,0,0,1,0,0,0,0,0,0,0,0,0,0,0,False,0,0,1,1,0,0,0,1,0,True
0,40.5,0,0,7.75,0,0,1,0,0,0,0,0,0,0,0,0,0,0,False,0,0,1,0,1,0,0,1,0,True
1,50.0,0,0,10.5,0,1,0,0,0,0,0,0,0,0,0,0,0,0,False,0,1,0,0,0,1,1,0,0,True
0,20.36940099201236,0,0,221.7792,0,0,1,0,0,95,0,0,1,0,0,0,0,0,True,1,0,0,0,0,1,0,1,0,True
0,39.0,0,0,7.925,0,0,1,0,0,0,0,0,0,0,0,0,0,0,False,0,0,1,0,0,1,0,1,0,True
0,23.0,2,1,11.5,0,0,1,0,0,0,0,0,0,0,0,0,0,0,False,0,1,0,0,0,1,0,1,3,False
1,2.0,1,1,26.0,0,1,0,0,0,0,0,0,0,0,0,0,0,0,False,0,1,0,0,0,1,1,0,2,False
0,28.39045945214542,0,0,7.2292,0,0,1,0,0,0,0,0,0,0,0,0,0,0,False,0,0,1,1,0,0,0,1,0,True
0,17.0,1,1,7.2292,0,0,1,0,0,0,0,0,0,0,0,0,0,0,False,0,0,1,1,0,0,0,1,2,False
1,22.71167490627572,0,2,22.3583,0,0,0,1,0,0,0,0,0,0,0,0,0,0,False,0,0,1,1,0,0,1,0,2,False
0,30.0,0,0,8.6625,0,1,0,0,0,0,0,0,0,0,0,0,0,0,False,0,0,1,0,0,1,1,0,0,True
1,7.0,0,2,26.25,0,1,0,0,0,0,0,0,0,0,0,0,0,0,False,0,1,0,0,0,1,1,0,2,False
0,45.0,0,0,26.55,0,0,0,0,1,38,0,1,0,0,0,0,0,0,True,1,0,0,0,0,1,0,1,0,True
1,30.0,0,0,106.425,0,1,0,0,0,0,0,0,0,0,0,0,0,0,False,1,0,0,1,0,0,1,0,0,True
0,32.66253267786941,0,0,14.5,0,0,1,0,0,0,0,0,0,0,0,0,0,0,False,0,0,1,0,0,1,0,1,0,True
1,22.0,0,2,49.5,0,1,0,0,0,39,0,1,0,0,0,0,0,0,True,1,0,0,1,0,0,1,0,2,False
1,36.0,0,2,71.0,0,1,0,0,0,22,0,1,0,0,0,0,0,0,True,1,0,0,0,0,1,1,0,2,False
0,9.0,4,2,31.275,0,1,0,0,0,0,0,0,0,0,0,0,0,0,False,0,0,1,0,0,1,1,0,6,False
0,11.0,4,2,31.275,0,1,0,0,0,0,0,0,0,0,0,0,0,0,False,0,0,1,0,0,1,1,0,6,False
1,32.0,1,0,26.0,0,0,1,0,0,0,0,0,0,0,0,0,0,0,False,0,1,0,0,0,1,0,1,1,False
0,50.0,1,0,106.425,0,0,1,0,0,86,0,0,1,0,0,0,0,0,True,1,0,0,1,0,0,0,1,1,False
0,64.0,0,0,26.0,0,0,1,0,0,0,0,0,0,0,0,0,0,0,False,1,0,0,0,0,1,0,1,0,True
1,19.0,1,0,26.0,0,0,0,1,0,0,0,0,0,0,0,0,0,0,False,0,1,0,0,0,1,1,0,1,False
1,14.906871646408177,0,0,13.8625,0,0,1,0,0,0,0,0,0,0,0,0,0,0,False,0,1,0,1,0,0,0,1,0,True
0,33.0,1,1,20.525,0,0,1,0,0,0,0,0,0,0,0,0,0,0,False,0,0,1,0,0,1,0,1,2,False
1,8.0,1,1,36.75,1,0,0,0,0,0,0,0,0,0,0,0,0,0,False,0,1,0,0,0,1,0,1,2,False
1,17.0,0,2,110.8833,0,0,1,0,0,70,0,0,1,0,0,0,0,0,True,1,0,0,1,0,0,0,1,2,False
0,27.0,0,0,26.0,0,0,1,0,0,0,0,0,0,0,0,0,0,0,False,0,1,0,0,0,1,0,1,0,True
0,16.618698807077113,0,0,7.8292,0,0,1,0,0,0,0,0,0,0,0,0,0,0,False,0,0,1,0,1,0,0,1,0,True
1,22.0,0,0,7.225,0,0,1,0,0,0,0,0,0,0,0,0,0,0,False,0,0,1,1,0,0,0,1,0,True
1,22.0,0,0,7.775,0,1,0,0,0,0,0,0,0,0,0,0,0,0,False,0,0,1,0,0,1,1,0,0,True
0,62.0,0,0,26.55,0,0,1,0,0,0,0,0,0,0,0,0,0,0,False,1,0,0,0,0,1,0,1,0,True
1,48.0,1,0,39.6,0,0,0,0,1,16,1,0,0,0,0,0,0,0,True,1,0,0,1,0,0,1,0,1,False
0,23.712099527707682,0,0,227.525,0,0,1,0,0,0,0,0,0,0,0,0,0,0,False,1,0,0,1,0,0,0,1,0,True
1,39.0,1,1,79.65,0,0,0,1,0,67,0,0,0,0,1,0,0,0,True,1,0,0,0,0,1,1,0,2,False
1,36.0,1,0,17.4,0,0,0,1,0,0,0,0,0,0,0,0,0,0,False,0,0,1,0,0,1,1,0,1,False
0,56.294992051050045,0,0,7.75,0,0,1,0,0,0,0,0,0,0,0,0,0,0,False,0,0,1,0,1,0,0,1,0,True
0,40.0,0,0,7.8958,0,0,1,0,0,0,0,0,0,0,0,0,0,0,False,0,0,1,0,0,1,0,1,0,True
0,28.0,0,0,13.5,0,0,1,0,0,0,0,0,0,0,0,0,0,0,False,0,1,0,0,0,1,0,1,0,True
0,23.88799151641427,0,0,8.05,0,0,1,0,0,0,0,0,0,0,0,0,0,0,False,0,0,1,0,0,1,0,1,0,True
0,44.58370938651109,0,0,8.05,0,1,0,0,0,0,0,0,0,0,0,0,0,0,False,0,0,1,0,0,1,1,0,0,True
0,24.0,2,0,24.15,0,0,1,0,0,0,0,0,0,0,0,0,0,0,False,0,0,1,0,0,1,0,1,2,False
0,19.0,0,0,7.8958,0,0,1,0,0,0,0,0,0,0,0,0,0,0,False,0,0,1,0,0,1,0,1,0,True
0,29.0,0,4,21.075,0,0,0,1,0,0,0,0,0,0,0,0,0,0,False,0,0,1,0,0,1,1,0,4,False
0,11.724248138048061,0,0,7.2292,0,0,1,0,0,0,0,0,0,0,0,0,0,0,False,0,0,1,1,0,0,0,1,0,True
1,32.0,0,0,7.8542,0,0,1,0,0,0,0,0,0,0,0,0,0,0,False,0,0,1,0,0,1,0,1,0,True
1,62.0,0,0,10.5,0,0,1,0,0,0,0,0,0,0,0,0,0,0,False,0,1,0,0,0,1,0,1,0,True
1,53.0,2,0,51.4792,0,0,0,1,0,101,0,0,1,0,0,0,0,0,True,1,0,0,0,0,1,1,0,2,False
1,36.0,0,0,26.3875,0,0,1,0,0,25,0,0,0,0,1,0,0,0,True,1,0,0,0,0,1,0,1,0,True
1,55.62954432826605,0,0,7.75,0,1,0,0,0,0,0,0,0,0,0,0,0,0,False,0,0,1,0,1,0,1,0,0,True
0,16.0,0,0,8.05,0,0,1,0,0,0,0,0,0,0,0,0,0,0,False,0,0,1,0,0,1,0,1,0,True
0,19.0,0,0,14.5,0,0,1,0,0,0,0,0,0,0,0,0,0,0,False,0,0,1,0,0,1,0,1,0,True
1,34.0,0,0,13.0,0,1,0,0,0,0,0,0,0,0,0,0,0,0,False,0,1,0,0,0,1,1,0,0,True
1,39.0,1,0,55.9,0,0,0,1,0,44,0,0,0,0,1,0,0,0,True,1,0,0,0,0,1,1,0,1,False
0,25.364269708398037,1,0,14.4583,0,0,0,1,0,0,0,0,0,0,0,0,0,0,False,0,0,1,1,0,0,1,0,1,False
1,32.0,0,0,7.925,0,0,1,0,0,0,0,0,0,0,0,0,0,0,False,0,0,1,0,0,1,0,1,0,True
1,25.0,1,1,30.0,0,1,0,0,0,0,0,0,0,0,0,0,0,0,False,0,1,0,0,0,1,1,0,2,False
1,39.0,1,1,110.8833,0,0,0,1,0,68,0,0,1,0,0,0,0,0,True,1,0,0,1,0,0,1,0,2,False
0,54.0,0,0,26.0,0,0,1,0,0,0,0,0,0,0,0,0,0,0,False,0,1,0,0,0,1,0,1,0,True
0,36.0,0,0,40.125,0,0,1,0,0,10,1,0,0,0,0,0,0,0,True,1,0,0,1,0,0,0,1,0,True
0,29.69911764705882,0,0,8.7125,0,0,1,0,0,0,0,0,0,0,0,0,0,0,False,0,0,1,1,0,0,0,1,0,True
1,18.0,0,2,79.65,0,1,0,0,0,68,0,0,0,0,1,0,0,0,True,1,0,0,0,0,1,1,0,2,False
0,47.0,0,0,15.0,0,0,1,0,0,0,0,0,0,0,0,0,0,0,False,0,1,0,0,0,1,0,1,0,True
1,60.0,1,1,79.2,0,0,1,0,0,41,0,1,0,0,0,0,0,0,True,1,0,0,1,0,0,0,1,2,False
0,22.0,0,0,8.05,0,0,1,0,0,0,0,0,0,0,0,0,0,0,False,0,0,1,0,0,1,0,1,0,True
0,26.99530737802038,0,0,8.05,0,0,1,0,0,0,0,0,0,0,0,0,0,0,False,0,0,1,0,0,1,0,1,0,True
0,35.0,0,0,7.125,0,0,1,0,0,0,0,0,0,0,0,0,0,0,False,0,0,1,0,0,1,0,1,0,True
1,52.0,1,0,78.2667,0,0,0,1,0,20,0,0,0,1,0,0,0,0,True,1,0,0,1,0,0,1,0,1,False
0,47.0,0,0,7.25,0,0,1,0,0,0,0,0,0,0,0,0,0,0,False,0,0,1,0,0,1,0,1,0,True
0,28.25709045547473,0,2,7.75,0,1,0,0,0,0,0,0,0,0,0,0,0,0,False,0,0,1,0,1,0,1,0,2,False
0,37.0,1,0,26.0,0,0,1,0,0,0,0,0,0,0,0,0,0,0,False,0,1,0,0,0,1,0,1,1,False
0,36.0,1,1,24.15,0,0,1,0,0,0,0,0,0,0,0,0,0,0,False,0,0,1,0,0,1,0,1,2,False
1,23.400737044685673,0,0,33.0,0,1,0,0,0,0,0,0,0,0,0,0,0,0,False,0,1,0,0,0,1,1,0,0,True
0,49.0,0,0,0.0,0,0,1,0,0,0,0,0,0,0,0,0,0,0,False,0,0,1,0,0,1,0,1,0,True
0,31.567012557432495,0,0,7.225,0,0,1,0,0,0,0,0,0,0,0,0,0,0,False,0,0,1,1,0,0,0,1,0,True
1,49.0,1,0,56.9292,0,0,0,0,1,20,1,0,0,0,0,0,0,0,True,1,0,0,1,0,0,0,1,1,False
1,24.0,2,1,27.0,0,0,0,1,0,0,0,0,0,0,0,0,0,0,False,0,1,0,0,0,1,1,0,3,False
0,60.357860038110175,0,0,7.8958,0,0,1,0,0,0,0,0,0,0,0,0,0,0,False,0,0,1,0,0,1,0,1,0,True
0,26.83999815216768,0,0,42.4,0,0,1,0,0,0,0,0,0,0,0,0,0,0,False,1,0,0,0,0,1,0,1,0,True
0,44.0,0,0,8.05,0,0,1,0,0,0,0,0,0,0,0,0,0,0,False,0,0,1,0,0,1,0,1,0,True
1,35.0,0,0,26.55,0,0,1,0,0,0,0,0,0,0,0,0,0,0,False,1,0,0,1,0,0,0,1,0,True
0,36.0,1,0,15.55,0,0,1,0,0,0,0,0,0,0,0,0,0,0,False,0,0,1,0,0,1,0,1,1,False
0,30.0,0,0,7.8958,0,0,1,0,0,0,0,0,0,0,0,0,0,0,False,0,0,1,0,0,1,0,1,0,True
1,27.0,0,0,30.5,0,0,1,0,0,0,0,0,0,0,0,0,0,0,False,1,0,0,0,0,1,0,1,0,True
1,22.0,1,2,41.5792,0,0,0,1,0,0,0,0,0,0,0,0,0,0,False,0,1,0,1,0,0,1,0,3,False
1,40.0,0,0,153.4625,0,1,0,0,0,125,0,0,1,0,0,0,0,0,True,1,0,0,0,0,1,1,0,0,True
0,39.0,1,5,31.275,0,0,0,1,0,0,0,0,0,0,0,0,0,0,False,0,0,1,0,0,1,1,0,6,False
0,32.821856521458685,0,0,7.05,0,0,1,0,0,0,0,0,0,0,0,0,0,0,False,0,0,1,0,0,1,0,1,0,True
1,7.640202027143051,1,0,15.5,0,1,0,0,0,0,0,0,0,0,0,0,0,0,False,0,0,1,0,1,0,1,0,1,False
0,30.995162686337444,0,0,7.75,0,0,1,0,0,0,0,0,0,0,0,0,0,0,False,0,0,1,0,1,0,0,1,0,True
0,35.0,0,0,8.05,0,0,1,0,0,0,0,0,0,0,0,0,0,0,False,0,0,1,0,0,1,0,1,0,True
1,24.0,1,2,65.0,0,1,0,0,0,0,0,0,0,0,0,0,0,0,False,0,1,0,0,0,1,1,0,3,False
0,34.0,1,1,14.4,0,0,1,0,0,0,0,0,0,0,0,0,0,0,False,0,0,1,0,0,1,0,1,2,False
0,26.0,1,0,16.1,0,0,0,1,0,0,0,0,0,0,0,0,0,0,False,0,0,1,0,0,1,1,0,1,False
1,4.0,2,1,39.0,0,1,0,0,0,4,0,0,0,0,0,1,0,0,True,0,1,0,0,0,1,1,0,3,False
0,26.0,0,0,10.5,0,0,1,0,0,0,0,0,0,0,0,0,0,0,False,0,1,0,0,0,1,0,1,0,True
0,27.0,1,0,14.4542,0,0,1,0,0,0,0,0,0,0,0,0,0,0,False,0,0,1,1,0,0,0,1,1,False
1,42.0,1,0,52.5542,0,0,1,0,0,19,0,0,0,1,0,0,0,0,True,1,0,0,0,0,1,0,1,1,False
1,20.0,1,1,15.7417,0,0,1,0,0,0,0,0,0,0,0,0,0,0,False,0,0,1,1,0,0,0,1,2,False
0,21.0,0,0,7.8542,0,0,1,0,0,0,0,0,0,0,0,0,0,0,False,0,0,1,0,0,1,0,1,0,True
0,21.0,0,0,16.1,0,0,1,0,0,0,0,0,0,0,0,0,0,0,False,0,0,1,0,0,1,0,1,0,True
0,61.0,0,0,32.3208,0,0,1,0,0,50,0,0,0,1,0,0,0,0,True,1,0,0,0,0,1,0,1,0,True
0,57.0,0,0,12.35,0,0,0,0,1,0,0,0,0,0,0,0,0,0,False,0,1,0,0,1,0,0,1,0,True
1,21.0,0,0,77.9583,0,1,0,0,0,9,0,0,0,1,0,0,0,0,True,1,0,0,0,0,1,1,0,0,True
0,26.0,0,0,7.8958,0,0,1,0,0,0,0,0,0,0,0,0,0,0,False,0,0,1,0,0,1,0,1,0,True
0,28.203899912866667,0,0,7.7333,0,0,1,0,0,0,0,0,0,0,0,0,0,0,False,0,0,1,0,1,0,0,1,0,True
1,80.0,0,0,30.0,0,0,1,0,0,23,1,0,0,0,0,0,0,0,True,1,0,0,0,0,1,0,1,0,True
0,51.0,0,0,7.0542,0,0,1,0,0,0,0,0,0,0,0,0,0,0,False,0,0,1,0,0,1,0,1,0,True
1,32.0,0,0,30.5,0,0,0,0,1,50,0,1,0,0,0,0,0,0,True,1,0,0,1,0,0,0,1,0,True
0,26.779761351980426,0,0,0.0,0,0,1,0,0,0,0,0,0,0,0,0,0,0,False,1,0,0,0,0,1,0,1,0,True
0,9.0,3,2,27.9,0,1,0,0,0,0,0,0,0,0,0,0,0,0,False,0,0,1,0,0,1,1,0,5,False
1,28.0,0,0,13.0,0,1,0,0,0,0,0,0,0,0,0,0,0,0,False,0,1,0,0,0,1,1,0,0,True
0,32.0,0,0,7.925,0,0,1,0,0,0,0,0,0,0,0,0,0,0,False,0,0,1,0,0,1,0,1,0,True
0,31.0,1,1,26.25,0,0,1,0,0,0,0,0,0,0,0,0,0,0,False,0,1,0,0,0,1,0,1,2,False
0,41.0,0,5,39.6875,0,0,0,1,0,0,0,0,0,0,0,0,0,0,False,0,0,1,0,0,1,1,0,5,False
0,17.019191301478354,1,0,16.1,0,0,1,0,0,0,0,0,0,0,0,0,0,0,False,0,0,1,0,0,1,0,1,1,False
0,20.0,0,0,7.8542,0,0,1,0,0,0,0,0,0,0,0,0,0,0,False,0,0,1,0,0,1,0,1,0,True
1,24.0,0,0,69.3,0,0,0,0,1,35,0,1,0,0,0,0,0,0,True,1,0,0,1,0,0,1,0,0,True
0,2.0,3,2,27.9,0,1,0,0,0,0,0,0,0,0,0,0,0,0,False,0,0,1,0,0,1,1,0,5,False
1,51.080114768990256,0,0,56.4958,0,0,1,0,0,0,0,0,0,0,0,0,0,0,False,0,0,1,0,0,1,0,1,0,True
1,0.75,2,1,19.2583,0,1,0,0,0,0,0,0,0,0,0,0,0,0,False,0,0,1,1,0,0,1,0,3,False
1,48.0,1,0,76.7292,0,0,1,0,0,33,0,0,0,1,0,0,0,0,True,1,0,0,1,0,0,0,1,1,False
0,19.0,0,0,7.8958,0,0,1,0,0,0,0,0,0,0,0,0,0,0,False,0,0,1,0,0,1,0,1,0,True
1,56.0,0,0,35.5,0,0,0,0,1,26,1,0,0,0,0,0,0,0,True,1,0,0,1,0,0,0,1,0,True
0,23.320751100969268,0,0,7.55,0,0,1,0,0,0,0,0,0,0,0,0,0,0,False,0,0,1,0,0,1,0,1,0,True
1,23.0,0,0,7.55,0,1,0,0,0,0,0,0,0,0,0,0,0,0,False,0,0,1,0,0,1,1,0,0,True
0,34.52149366357153,0,0,7.8958,0,0,1,0,0,0,0,0,0,0,0,0,0,0,False,0,0,1,0,0,1,0,1,0,True
1,18.0,0,1,23.0,0,1,0,0,0,0,0,0,0,0,0,0,0,0,False,0,1,0,0,0,1,1,0,1,False
0,21.0,0,0,8.4333,0,0,1,0,0,0,0,0,0,0,0,0,0,0,False,0,0,1,0,0,1,0,1,0,True
1,10.247526298857288,0,0,7.8292,0,1,0,0,0,0,0,0,0,0,0,0,0,0,False,0,0,1,0,1,0,1,0,0,True
0,18.0,0,0,6.75,0,1,0,0,0,0,0,0,0,0,0,0,0,0,False,0,0,1,0,1,0,1,0,0,True
0,24.0,2,0,73.5,0,0,1,0,0,0,0,0,0,0,0,0,0,0,False,0,1,0,0,0,1,0,1,2,False
0,28.83611420914717,0,0,7.8958,0,0,1,0,0,0,0,0,0,0,0,0,0,0,False,0,0,1,0,0,1,0,1,0,True
0,32.0,1,1,15.5,0,0,0,1,0,0,0,0,0,0,0,0,0,0,False,0,0,1,0,1,0,1,0,2,False
0,23.0,0,0,13.0,0,0,1,0,0,0,0,0,0,0,0,0,0,0,False,0,1,0,0,0,1,0,1,0,True
0,58.0,0,2,113.275,0,0,1,0,0,48,0,0,0,1,0,0,0,0,True,1,0,0,1,0,0,0,1,2,False
1,50.0,2,0,133.65,0,0,0,0,1,0,0,0,0,0,0,0,0,0,False,1,0,0,0,0,1,0,1,2,False
0,40.0,0,0,7.225,0,0,1,0,0,0,0,0,0,0,0,0,0,0,False,0,0,1,1,0,0,0,1,0,True
0,47.0,0,0,25.5875,0,0,1,0,0,58,0,0,0,0,1,0,0,0,True,1,0,0,0,0,1,0,1,0,True
0,36.0,0,0,7.4958,0,0,1,0,0,0,0,0,0,0,0,0,0,0,False,0,0,1,0,0,1,0,1,0,True
1,20.0,1,0,7.925,0,0,1,0,0,0,0,0,0,0,0,0,0,0,False,0,0,1,0,0,1,0,1,1,False
0,32.0,2,0,73.5,0,0,1,0,0,0,0,0,0,0,0,0,0,0,False,0,1,0,0,0,1,0,1,2,False
0,25.0,0,0,13.0,0,0,1,0,0,0,0,0,0,0,0,0,0,0,False,0,1,0,0,0,1,0,1,0,True
0,39.09608487938756,0,0,7.775,0,0,1,0,0,0,0,0,0,0,0,0,0,0,False,0,0,1,0,0,1,0,1,0,True
0,43.0,0,0,8.05,0,0,1,0,0,0,0,0,0,0,0,0,0,0,False,0,0,1,0,0,1,0,1,0,True
1,29.69911764705882,1,0,52.0,0,0,0,1,0,126,0,0,1,0,0,0,0,0,True,1,0,0,0,0,1,1,0,1,False
1,40.0,1,1,39.0,0,0,0,1,0,0,0,0,0,0,0,0,0,0,False,0,1,0,0,0,1,1,0,2,False
0,31.0,1,0,52.0,0,0,1,0,0,71,0,1,0,0,0,0,0,0,True,1,0,0,0,0,1,0,1,1,False
0,70.0,0,0,10.5,0,0,1,0,0,0,0,0,0,0,0,0,0,0,False,0,1,0,0,0,1,0,1,0,True
1,31.0,0,0,13.0,0,0,1,0,0,0,0,0,0,0,0,0,0,0,False,0,1,0,0,0,1,0,1,0,True
0,23.39111302175499,0,0,0.0,0,0,1,0,0,0,0,0,0,0,0,0,0,0,False,0,1,0,0,0,1,0,1,0,True
0,18.0,0,0,7.775,0,0,1,0,0,0,0,0,0,0,0,0,0,0,False,0,0,1,0,0,1,0,1,0,True
0,24.5,0,0,8.05,0,0,1,0,0,0,0,0,0,0,0,0,0,0,False,0,0,1,0,0,1,0,1,0,True
1,18.0,0,0,9.8417,0,1,0,0,0,0,0,0,0,0,0,0,0,0,False,0,0,1,0,0,1,1,0,0,True
0,43.0,1,6,46.9,0,0,0,1,0,0,0,0,0,0,0,0,0,0,False,0,0,1,0,0,1,1,0,7,False
1,36.0,0,1,512.3292,0,0,1,0,0,55,0,1,0,0,0,0,0,0,True,1,0,0,1,0,0,0,1,1,False
0,17.675690941761893,0,0,8.1375,0,1,0,0,0,0,0,0,0,0,0,0,0,0,False,0,0,1,0,1,0,1,0,0,True
1,27.0,0,0,76.7292,0,0,1,0,0,49,0,0,0,1,0,0,0,0,True,1,0,0,1,0,0,0,1,0,True
0,20.0,0,0,9.225,0,0,1,0,0,0,0,0,0,0,0,0,0,0,False,0,0,1,0,0,1,0,1,0,True
0,14.0,5,2,46.9,0,0,1,0,0,0,0,0,0,0,0,0,0,0,False,0,0,1,0,0,1,0,1,7,False
0,60.0,1,1,39.0,0,0,1,0,0,0,0,0,0,0,0,0,0,0,False,0,1,0,0,0,1,0,1,2,False
0,25.0,1,2,41.5792,0,0,1,0,0,0,0,0,0,0,0,0,0,0,False,0,1,0,1,0,0,0,1,3,False
0,14.0,4,1,39.6875,0,0,1,0,0,0,0,0,0,0,0,0,0,0,False,0,0,1,0,0,1,0,1,5,False
0,19.0,0,0,10.1708,0,0,1,0,0,0,0,0,0,0,0,0,0,0,False,0,0,1,0,0,1,0,1,0,True
0,18.0,0,0,7.7958,0,0,1,0,0,0,0,0,0,0,0,0,0,0,False,0,0,1,0,0,1,0,1,0,True
1,15.0,0,1,211.3375,0,1,0,0,0,5,0,1,0,0,0,0,0,0,True,1,0,0,0,0,1,1,0,1,False
1,31.0,1,0,57.0,0,0,1,0,0,20,0,1,0,0,0,0,0,0,True,1,0,0,0,0,1,0,1,1,False
1,4.0,0,1,13.4167,0,1,0,0,0,0,0,0,0,0,0,0,0,0,False,0,0,1,1,0,0,1,0,1,False
1,16.98106610302387,0,0,56.4958,0,0,1,0,0,0,0,0,0,0,0,0,0,0,False,0,0,1,0,0,1,0,1,0,True
0,25.0,0,0,7.225,0,0,1,0,0,0,0,0,0,0,0,0,0,0,False,0,0,1,1,0,0,0,1,0,True
0,60.0,0,0,26.55,0,0,0,0,1,0,0,0,0,0,0,0,0,0,False,1,0,0,0,0,1,0,1,0,True
0,52.0,0,0,13.5,0,0,1,0,0,0,0,0,0,0,0,0,0,0,False,0,1,0,0,0,1,0,1,0,True
0,44.0,0,0,8.05,0,0,1,0,0,0,0,0,0,0,0,0,0,0,False,0,0,1,0,0,1,0,1,0,True
1,37.343359152989194,0,0,7.7333,0,1,0,0,0,0,0,0,0,0,0,0,0,0,False,0,0,1,0,1,0,1,0,0,True
0,49.0,1,1,110.8833,0,0,1,0,0,68,0,0,1,0,0,0,0,0,True,1,0,0,1,0,0,0,1,2,False
0,42.0,0,0,7.65,0,0,1,0,0,63,0,0,0,0,0,0,1,0,True,0,0,1,0,0,1,0,1,0,True
1,18.0,1,0,227.525,0,0,0,1,0,64,0,0,1,0,0,0,0,0,True,1,0,0,1,0,0,1,0,1,False
1,35.0,0,0,26.2875,0,0,1,0,0,24,0,0,0,0,1,0,0,0,True,1,0,0,0,0,1,0,1,0,True
0,18.0,0,1,14.4542,0,1,0,0,0,0,0,0,0,0,0,0,0,0,False,0,0,1,1,0,0,1,0,1,False
0,25.0,0,0,7.7417,0,0,1,0,0,0,0,0,0,0,0,0,0,0,False,0,0,1,0,1,0,0,1,0,True
0,26.0,1,0,7.8542,0,0,1,0,0,0,0,0,0,0,0,0,0,0,False,0,0,1,0,0,1,0,1,1,False
0,39.0,0,0,26.0,0,0,1,0,0,0,0,0,0,0,0,0,0,0,False,0,1,0,0,0,1,0,1,0,True
1,45.0,0,0,13.5,0,0,0,1,0,0,0,0,0,0,0,0,0,0,False,0,1,0,0,0,1,1,0,0,True
1,42.0,0,0,26.2875,0,0,1,0,0,24,0,0,0,0,1,0,0,0,True,1,0,0,0,0,1,0,1,0,True
1,22.0,0,0,151.55,0,1,0,0,0,0,0,0,0,0,0,0,0,0,False,1,0,0,0,0,1,1,0,0,True
1,32.668793400715884,1,1,15.2458,1,0,0,0,0,0,0,0,0,0,0,0,0,0,False,0,0,1,1,0,0,0,1,2,False
1,24.0,0,0,49.5042,0,0,0,0,1,90,0,0,1,0,0,0,0,0,True,1,0,0,1,0,0,1,0,0,True
0,25.773252141220077,0,0,26.55,0,0,1,0,0,124,0,0,1,0,0,0,0,0,True,1,0,0,0,0,1,0,1,0,True
1,48.0,1,0,52.0,0,0,1,0,0,126,0,0,1,0,0,0,0,0,True,1,0,0,0,0,1,0,1,1,False
0,29.0,0,0,9.4833,0,0,1,0,0,0,0,0,0,0,0,0,0,0,False,0,0,1,0,0,1,0,1,0,True
0,52.0,0,0,13.0,0,0,1,0,0,0,0,0,0,0,0,0,0,0,False,0,1,0,0,0,1,0,1,0,True
0,19.0,0,0,7.65,0,0,1,0,0,73,0,0,0,0,0,0,1,0,True,0,0,1,0,0,1,0,1,0,True
1,38.0,0,0,227.525,0,1,0,0,0,45,0,0,1,0,0,0,0,0,True,1,0,0,1,0,0,1,0,0,True
1,27.0,0,0,10.5,0,1,0,0,0,101,0,0,0,0,1,0,0,0,True,0,1,0,0,0,1,1,0,0,True
0,18.44578624050122,0,0,15.5,0,0,1,0,0,0,0,0,0,0,0,0,0,0,False,0,0,1,0,1,0,0,1,0,True
0,33.0,0,0,7.775,0,0,1,0,0,0,0,0,0,0,0,0,0,0,False,0,0,1,0,0,1,0,1,0,True
1,6.0,0,1,33.0,0,1,0,0,0,0,0,0,0,0,0,0,0,0,False,0,1,0,0,0,1,1,0,1,False
0,17.0,1,0,7.0542,0,0,1,0,0,0,0,0,0,0,0,0,0,0,False,0,0,1,0,0,1,0,1,1,False
0,34.0,0,0,13.0,0,0,1,0,0,0,0,0,0,0,0,0,0,0,False,0,1,0,0,0,1,0,1,0,True
0,50.0,0,0,13.0,0,0,1,0,0,0,0,0,0,0,0,0,0,0,False,0,1,0,0,0,1,0,1,0,True
1,27.0,1,0,53.1,0,0,1,0,0,8,0,0,0,0,1,0,0,0,True,1,0,0,0,0,1,0,1,1,False
0,20.0,0,0,8.6625,0,0,1,0,0,0,0,0,0,0,0,0,0,0,False,0,0,1,0,0,1,0,1,0,True
1,30.0,3,0,21.0,0,0,0,1,0,0,0,0,0,0,0,0,0,0,False,0,1,0,0,0,1,1,0,3,False
1,18.260692896271546,0,0,7.7375,0,1,0,0,0,0,0,0,0,0,0,0,0,0,False,0,0,1,0,1,0,1,0,0,True
0,25.0,1,0,26.0,0,0,1,0,0,0,0,0,0,0,0,0,0,0,False,0,1,0,0,0,1,0,1,1,False
0,25.0,1,0,7.925,0,1,0,0,0,0,0,0,0,0,0,0,0,0,False,0,0,1,0,0,1,1,0,1,False
1,29.0,0,0,211.3375,0,1,0,0,0,5,0,1,0,0,0,0,0,0,True,1,0,0,0,0,1,1,0,0,True
0,11.0,0,0,18.7875,0,0,1,0,0,0,0,0,0,0,0,0,0,0,False,0,0,1,1,0,0,0,1,0,True
0,23.05949279092503,0,0,0.0,0,0,1,0,0,0,0,0,0,0,0,0,0,0,False,0,1,0,0,0,1,0,1,0,True
0,23.0,0,0,13.0,0,0,1,0,0,0,0,0,0,0,0,0,0,0,False,0,1,0,0,0,1,0,1,0,True
0,23.0,0,0,13.0,0,0,1,0,0,0,0,0,0,0,0,0,0,0,False,0,1,0,0,0,1,0,1,0,True
0,28.5,0,0,16.1,0,0,1,0,0,0,0,0,0,0,0,0,0,0,False,0,0,1,0,0,1,0,1,0,True
0,48.0,1,3,34.375,0,0,0,1,0,0,0,0,0,0,0,0,0,0,False,0,0,1,0,0,1,1,0,4,False
1,35.0,0,0,512.3292,0,0,1,0,0,101,0,1,0,0,0,0,0,0,True,1,0,0,1,0,0,0,1,0,True
0,36.31794062864658,0,0,7.8958,0,0,1,0,0,0,0,0,0,0,0,0,0,0,False,0,0,1,0,0,1,0,1,0,True
0,30.976098350844858,0,0,7.8958,0,0,1,0,0,0,0,0,0,0,0,0,0,0,False,0,0,1,0,0,1,0,1,0,True
1,11.18397253819306,0,0,30.0,0,0,1,0,0,45,0,0,0,1,0,0,0,0,True,1,0,0,0,0,1,0,1,0,True
0,36.0,1,0,78.85,0,0,1,0,0,46,0,0,1,0,0,0,0,0,True,1,0,0,0,0,1,0,1,1,False
1,21.0,2,2,262.375,0,1,0,0,0,66,0,1,0,0,0,0,0,0,True,1,0,0,1,0,0,1,0,4,False
0,24.0,1,0,16.1,0,0,1,0,0,0,0,0,0,0,0,0,0,0,False,0,0,1,0,0,1,0,1,1,False
1,31.0,0,0,7.925,0,0,1,0,0,0,0,0,0,0,0,0,0,0,False,0,0,1,0,0,1,0,1,0,True
0,70.0,1,1,71.0,0,0,0,0,1,22,0,1,0,0,0,0,0,0,True,1,0,0,0,0,1,0,1,2,False
0,16.0,1,1,20.25,0,0,1,0,0,0,0,0,0,0,0,0,0,0,False,0,0,1,0,0,1,0,1,2,False
1,30.0,0,0,13.0,0,1,0,0,0,0,0,0,0,0,0,0,0,0,False,0,1,0,0,0,1,1,0,0,True
0,19.0,1,0,53.1,0,0,1,0,0,30,0,0,0,1,0,0,0,0,True,1,0,0,0,0,1,0,1,1,False
0,31.0,0,0,7.75,0,0,1,0,0,0,0,0,0,0,0,0,0,0,False,0,0,1,0,1,0,0,1,0,True
1,4.0,1,1,23.0,0,1,0,0,0,0,0,0,0,0,0,0,0,0,False,0,1,0,0,0,1,1,0,2,False
1,6.0,0,1,12.475,1,0,0,0,0,121,0,0,0,0,1,0,0,0,True,0,0,1,0,0,1,0,1,1,False
0,33.0,0,0,9.5,0,0,1,0,0,0,0,0,0,0,0,0,0,0,False,0,0,1,0,0,1,0,1,0,True
0,23.0,0,0,7.8958,0,0,1,0,0,0,0,0,0,0,0,0,0,0,False,0,0,1,0,0,1,0,1,0,True
1,48.0,1,2,65.0,0,0,0,1,0,0,0,0,0,0,0,0,0,0,False,0,1,0,0,0,1,1,0,3,False
1,0.67,1,1,14.5,1,0,0,0,0,0,0,0,0,0,0,0,0,0,False,0,1,0,0,0,1,0,1,2,False
0,28.0,0,0,7.7958,0,0,1,0,0,0,0,0,0,0,0,0,0,0,False,0,0,1,0,0,1,0,1,0,True
0,18.0,0,0,11.5,0,0,1,0,0,0,0,0,0,0,0,0,0,0,False,0,1,0,0,0,1,0,1,0,True
0,34.0,0,0,8.05,0,0,1,0,0,0,0,0,0,0,0,0,0,0,False,0,0,1,0,0,1,0,1,0,True
1,33.0,0,0,86.5,0,0,0,0,1,77,0,1,0,0,0,0,0,0,True,1,0,0,0,0,1,1,0,0,True
0,3.0803589860384157,0,0,14.5,0,0,1,0,0,0,0,0,0,0,0,0,0,0,False,0,0,1,0,0,1,0,1,0,True
0,41.0,0,0,7.125,0,0,1,0,0,0,0,0,0,0,0,0,0,0,False,0,0,1,0,0,1,0,1,0,True
1,20.0,0,0,7.2292,0,0,1,0,0,0,0,0,0,0,0,0,0,0,False,0,0,1,1,0,0,0,1,0,True
1,36.0,1,2,120.0,0,0,0,1,0,98,0,1,0,0,0,0,0,0,True,1,0,0,0,0,1,1,0,3,False
0,16.0,0,0,7.775,0,0,1,0,0,0,0,0,0,0,0,0,0,0,False,0,0,1,0,0,1,0,1,0,True
1,51.0,1,0,77.9583,0,0,0,1,0,11,0,0,0,1,0,0,0,0,True,1,0,0,0,0,1,1,0,1,False
0,14.05415986243074,0,0,39.6,0,0,0,0,1,0,0,0,0,0,0,0,0,0,False,1,0,0,1,0,0,0,1,0,True
0,30.5,0,0,7.75,0,1,0,0,0,0,0,0,0,0,0,0,0,0,False,0,0,1,0,1,0,1,0,0,True
0,32.55758506508782,1,0,24.15,0,0,1,0,0,0,0,0,0,0,0,0,0,0,False,0,0,1,0,1,0,0,1,1,False
0,32.0,0,0,8.3625,0,0,1,0,0,0,0,0,0,0,0,0,0,0,False,0,0,1,0,0,1,0,1,0,True
0,24.0,0,0,9.5,0,0,1,0,0,0,0,0,0,0,0,0,0,0,False,0,0,1,0,0,1,0,1,0,True
0,48.0,0,0,7.8542,0,0,1,0,0,0,0,0,0,0,0,0,0,0,False,0,0,1,0,0,1,0,1,0,True
0,57.0,0,0,10.5,0,0,0,1,0,77,0,0,0,0,1,0,0,0,True,0,1,0,0,0,1,1,0,0,True
0,57.38046584606185,0,0,7.225,0,0,1,0,0,0,0,0,0,0,0,0,0,0,False,0,0,1,1,0,0,0,1,0,True
1,54.0,1,3,23.0,0,0,0,1,0,0,0,0,0,0,0,0,0,0,False,0,1,0,0,0,1,1,0,4,False
0,18.0,0,0,7.75,0,0,1,0,0,0,0,0,0,0,0,0,0,0,False,0,0,1,0,0,1,0,1,0,True
0,34.592667219358155,0,0,7.75,0,0,1,0,0,38,0,0,0,0,0,1,0,0,True,0,0,1,0,1,0,0,1,0,True
1,5.0,0,0,12.475,0,1,0,0,0,0,0,0,0,0,0,0,0,0,False,0,0,1,0,0,1,1,0,0,True
0,6.0263289154033295,0,0,7.7375,0,0,1,0,0,0,0,0,0,0,0,0,0,0,False,0,0,1,0,1,0,0,1,0,True
1,43.0,0,1,211.3375,0,0,0,1,0,3,0,1,0,0,0,0,0,0,True,1,0,0,0,0,1,1,0,1,False
1,13.0,0,0,7.2292,0,1,0,0,0,0,0,0,0,0,0,0,0,0,False,0,0,1,1,0,0,1,0,0,True
1,17.0,1,0,57.0,0,0,0,1,0,20,0,1,0,0,0,0,0,0,True,1,0,0,0,0,1,1,0,1,False
0,29.0,0,0,30.0,0,0,1,0,0,6,0,0,0,1,0,0,0,0,True,1,0,0,0,0,1,0,1,0,True
0,27.77147796094859,1,2,23.45,0,0,1,0,0,0,0,0,0,0,0,0,0,0,False,0,0,1,0,0,1,0,1,3,False
0,25.0,0,0,7.05,0,0,1,0,0,0,0,0,0,0,0,0,0,0,False,0,0,1,0,0,1,0,1,0,True
0,25.0,0,0,7.25,0,0,1,0,0,0,0,0,0,0,0,0,0,0,False,0,0,1,0,0,1,0,1,0,True
1,18.0,0,0,7.4958,0,1,0,0,0,0,0,0,0,0,0,0,0,0,False,0,0,1,0,0,1,1,0,0,True
0,8.0,4,1,29.125,1,0,0,0,0,0,0,0,0,0,0,0,0,0,False,0,0,1,0,1,0,0,1,5,False
1,1.0,1,2,20.575,1,0,0,0,0,0,0,0,0,0,0,0,0,0,False,0,0,1,0,0,1,0,1,3,False
0,46.0,0,0,79.2,0,0,1,0,0,84,0,1,0,0,0,0,0,0,True,1,0,0,1,0,0,0,1,0,True
0,19.870374545775086,0,0,7.75,0,0,1,0,0,0,0,0,0,0,0,0,0,0,False,0,0,1,0,1,0,0,1,0,True
0,16.0,0,0,26.0,0,0,1,0,0,0,0,0,0,0,0,0,0,0,False,0,1,0,0,0,1,0,1,0,True
0,8.090819404688666,8,2,69.55,0,1,0,0,0,0,0,0,0,0,0,0,0,0,False,0,0,1,0,0,1,1,0,10,False
0,35.59010737374478,0,0,30.6958,0,0,1,0,0,0,0,0,0,0,0,0,0,0,False,1,0,0,1,0,0,0,1,0,True
0,25.0,0,0,7.8958,0,0,1,0,0,0,0,0,0,0,0,0,0,0,False,0,0,1,0,0,1,0,1,0,True
0,39.0,0,0,13.0,0,0,1,0,0,0,0,0,0,0,0,0,0,0,False,0,1,0,0,0,1,0,1,0,True
1,49.0,0,0,25.9292,0,0,0,0,1,17,0,0,0,1,0,0,0,0,True,1,0,0,0,0,1,1,0,0,True
1,31.0,0,0,8.6833,0,0,0,1,0,0,0,0,0,0,0,0,0,0,False,0,0,1,0,0,1,1,0,0,True
0,30.0,0,0,7.2292,0,0,1,0,0,0,0,0,0,0,0,0,0,0,False,0,0,1,1,0,0,0,1,0,True
0,30.0,1,1,24.15,0,0,0,1,0,0,0,0,0,0,0,0,0,0,False,0,0,1,0,0,1,1,0,2,False
0,34.0,0,0,13.0,0,0,1,0,0,0,0,0,0,0,0,0,0,0,False,0,1,0,0,0,1,0,1,0,True
1,31.0,1,1,26.25,0,0,0,1,0,0,0,0,0,0,0,0,0,0,False,0,1,0,0,0,1,1,0,2,False
1,11.0,1,2,120.0,1,0,0,0,0,98,0,1,0,0,0,0,0,0,True,1,0,0,0,0,1,0,1,3,False
1,0.42,0,1,8.5167,1,0,0,0,0,0,0,0,0,0,0,0,0,0,False,0,0,1,1,0,0,0,1,1,False
1,27.0,0,0,6.975,0,0,1,0,0,0,0,0,0,0,0,0,0,0,False,0,0,1,0,0,1,0,1,0,True
0,31.0,0,0,7.775,0,0,1,0,0,0,0,0,0,0,0,0,0,0,False,0,0,1,0,0,1,0,1,0,True
0,39.0,0,0,0.0,0,0,1,0,0,36,1,0,0,0,0,0,0,0,True,1,0,0,0,0,1,0,1,0,True
0,18.0,0,0,7.775,0,1,0,0,0,0,0,0,0,0,0,0,0,0,False,0,0,1,0,0,1,1,0,0,True
0,39.0,0,0,13.0,0,0,1,0,0,0,0,0,0,0,0,0,0,0,False,0,1,0,0,0,1,0,1,0,True
1,33.0,1,0,53.1,0,0,0,1,0,8,0,0,0,0,1,0,0,0,True,1,0,0,0,0,1,1,0,1,False
0,26.0,0,0,7.8875,0,0,1,0,0,0,0,0,0,0,0,0,0,0,False,0,0,1,0,0,1,0,1,0,True
0,39.0,0,0,24.15,0,0,1,0,0,0,0,0,0,0,0,0,0,0,False,0,0,1,0,0,1,0,1,0,True
0,35.0,0,0,10.5,0,0,1,0,0,0,0,0,0,0,0,0,0,0,False,0,1,0,0,0,1,0,1,0,True
0,6.0,4,2,31.275,0,1,0,0,0,0,0,0,0,0,0,0,0,0,False,0,0,1,0,0,1,1,0,6,False
0,30.5,0,0,8.05,0,0,1,0,0,0,0,0,0,0,0,0,0,0,False,0,0,1,0,0,1,0,1,0,True
0,26.61167156747669,0,0,0.0,0,0,1,0,0,102,0,1,0,0,0,0,0,0,True,1,0,0,0,0,1,0,1,0,True
0,23.0,0,0,7.925,0,1,0,0,0,0,0,0,0,0,0,0,0,0,False,0,0,1,0,0,1,1,0,0,True
0,31.0,1,1,37.0042,0,0,1,0,0,0,0,0,0,0,0,0,0,0,False,0,1,0,1,0,0,0,1,2,False
0,43.0,0,0,6.45,0,0,1,0,0,0,0,0,0,0,0,0,0,0,False,0,0,1,0,0,1,0,1,0,True
0,10.0,3,2,27.9,1,0,0,0,0,0,0,0,0,0,0,0,0,0,False,0,0,1,0,0,1,0,1,5,False
1,52.0,1,1,93.5,0,0,0,1,0,69,0,1,0,0,0,0,0,0,True,1,0,0,0,0,1,1,0,2,False
1,27.0,0,0,8.6625,0,0,1,0,0,0,0,0,0,0,0,0,0,0,False,0,0,1,0,0,1,0,1,0,True
0,38.0,0,0,0.0,0,0,0,0,1,0,0,0,0,0,0,0,0,0,False,1,0,0,0,0,1,0,1,0,True
1,27.0,0,1,12.475,0,0,0,1,0,121,0,0,0,0,1,0,0,0,True,0,0,1,0,0,1,1,0,1,False
0,2.0,4,1,39.6875,1,0,0,0,0,0,0,0,0,0,0,0,0,0,False,0,0,1,0,0,1,0,1,5,False
0,37.070203160388196,0,0,6.95,0,0,1,0,0,0,0,0,0,0,0,0,0,0,False,0,0,1,0,1,0,0,1,0,True
0,60.347028665278316,0,0,56.4958,0,0,1,0,0,0,0,0,0,0,0,0,0,0,False,0,0,1,0,0,1,0,1,0,True
1,1.0,0,2,37.0042,1,0,0,0,0,0,0,0,0,0,0,0,0,0,False,0,1,0,1,0,0,0,1,2,False
1,42.45430983881459,0,0,7.75,0,0,1,0,0,0,0,0,0,0,0,0,0,0,False,0,0,1,0,1,0,0,1,0,True
1,15.0,1,0,14.4542,0,0,0,1,0,0,0,0,0,0,0,0,0,0,False,0,0,1,1,0,0,1,0,1,False
1,0.83,1,1,18.75,1,0,0,0,0,0,0,0,0,0,0,0,0,0,False,0,1,0,0,0,1,0,1,2,False
0,44.71897212135531,0,0,7.2292,0,0,1,0,0,0,0,0,0,0,0,0,0,0,False,0,0,1,1,0,0,0,1,0,True
0,23.0,0,0,7.8542,0,0,1,0,0,0,0,0,0,0,0,0,0,0,False,0,0,1,0,0,1,0,1,0,True
0,18.0,0,0,8.3,0,0,1,0,0,0,0,0,0,0,0,0,0,0,False,0,0,1,0,0,1,0,1,0,True
1,39.0,1,1,83.1583,0,1,0,0,0,49,0,0,0,0,1,0,0,0,True,1,0,0,1,0,0,1,0,2,False
0,21.0,0,0,8.6625,0,0,1,0,0,0,0,0,0,0,0,0,0,0,False,0,0,1,0,0,1,0,1,0,True
0,15.7658942992319,0,0,8.05,0,0,1,0,0,0,0,0,0,0,0,0,0,0,False,0,0,1,0,0,1,0,1,0,True
1,32.0,0,0,56.4958,0,0,1,0,0,0,0,0,0,0,0,0,0,0,False,0,0,1,0,0,1,0,1,0,True
1,39.493622755112455,0,0,29.7,0,0,1,0,0,47,0,0,1,0,0,0,0,0,True,1,0,0,1,0,0,0,1,0,True
0,20.0,0,0,7.925,0,0,1,0,0,0,0,0,0,0,0,0,0,0,False,0,0,1,0,0,1,0,1,0,True
0,16.0,0,0,10.5,0,0,1,0,0,0,0,0,0,0,0,0,0,0,False,0,1,0,0,0,1,0,1,0,True
1,30.0,0,0,31.0,0,1,0,0,0,0,0,0,0,0,0,0,0,0,False,1,0,0,1,0,0,1,0,0,True
0,34.5,0,0,6.4375,0,0,1,0,0,0,0,0,0,0,0,0,0,0,False,0,0,1,1,0,0,0,1,0,True
0,17.0,0,0,8.6625,0,0,1,0,0,0,0,0,0,0,0,0,0,0,False,0,0,1,0,0,1,0,1,0,True
0,42.0,0,0,7.55,0,0,1,0,0,0,0,0,0,0,0,0,0,0,False,0,0,1,0,0,1,0,1,0,True
0,31.55518163421263,8,2,69.55,0,0,1,0,0,0,0,0,0,0,0,0,0,0,False,0,0,1,0,0,1,0,1,10,False
0,35.0,0,0,7.8958,0,0,1,0,0,0,0,0,0,0,0,0,0,0,False,0,0,1,1,0,0,0,1,0,True
0,28.0,0,1,33.0,0,0,0,0,1,0,0,0,0,0,0,0,0,0,False,0,1,0,0,0,1,0,1,1,False
1,14.026956896226478,1,0,89.1042,0,0,0,1,0,92,0,0,1,0,0,0,0,0,True,1,0,0,1,0,0,1,0,1,False
0,4.0,4,2,31.275,1,0,0,0,0,0,0,0,0,0,0,0,0,0,False,0,0,1,0,0,1,0,1,6,False
0,74.0,0,0,7.775,0,0,1,0,0,0,0,0,0,0,0,0,0,0,False,0,0,1,0,0,1,0,1,0,True
0,9.0,1,1,15.2458,0,1,0,0,0,0,0,0,0,0,0,0,0,0,False,0,0,1,1,0,0,1,0,2,False
1,16.0,0,1,39.4,0,1,0,0,0,28,0,0,0,1,0,0,0,0,True,1,0,0,0,0,1,1,0,1,False
0,44.0,1,0,26.0,0,0,0,1,0,0,0,0,0,0,0,0,0,0,False,0,1,0,0,0,1,1,0,1,False
1,18.0,0,1,9.35,0,0,0,1,0,0,0,0,0,0,0,0,0,0,False,0,0,1,0,0,1,1,0,1,False
1,45.0,1,1,164.8667,0,0,0,1,0,0,0,0,0,0,0,0,0,0,False,1,0,0,0,0,1,1,0,2,False
1,51.0,0,0,26.55,0,0,1,0,0,17,0,0,0,0,1,0,0,0,True,1,0,0,0,0,1,0,1,0,True
1,24.0,0,3,19.2583,0,0,0,1,0,0,0,0,0,0,0,0,0,0,False,0,0,1,1,0,0,1,0,3,False
0,12.853368766398116,0,0,7.2292,0,0,1,0,0,0,0,0,0,0,0,0,0,0,False,0,0,1,1,0,0,0,1,0,True
0,41.0,2,0,14.1083,0,0,1,0,0,0,0,0,0,0,0,0,0,0,False,0,0,1,0,0,1,0,1,2,False
0,21.0,1,0,11.5,0,0,1,0,0,0,0,0,0,0,0,0,0,0,False,0,1,0,0,0,1,0,1,1,False
1,48.0,0,0,25.9292,0,0,0,1,0,17,0,0,0,1,0,0,0,0,True,1,0,0,0,0,1,1,0,0,True
0,53.76127315025931,8,2,69.55,0,1,0,0,0,0,0,0,0,0,0,0,0,0,False,0,0,1,0,0,1,1,0,10,False
0,24.0,0,0,13.0,0,0,1,0,0,0,0,0,0,0,0,0,0,0,False,0,1,0,0,0,1,0,1,0,True
1,42.0,0,0,13.0,0,0,0,1,0,0,0,0,0,0,0,0,0,0,False,0,1,0,0,0,1,1,0,0,True
1,27.0,1,0,13.8583,0,1,0,0,0,0,0,0,0,0,0,0,0,0,False,0,1,0,1,0,0,1,0,1,False
0,31.0,0,0,50.4958,0,0,1,0,0,24,1,0,0,0,0,0,0,0,True,1,0,0,0,0,1,0,1,0,True
0,24.826152724398103,0,0,9.5,0,0,1,0,0,0,0,0,0,0,0,0,0,0,False,0,0,1,0,0,1,0,1,0,True
1,4.0,1,1,11.1333,1,0,0,0,0,0,0,0,0,0,0,0,0,0,False,0,0,1,0,0,1,0,1,2,False
0,26.0,0,0,7.8958,0,0,1,0,0,0,0,0,0,0,0,0,0,0,False,0,0,1,0,0,1,0,1,0,True
1,47.0,1,1,52.5542,0,0,0,1,0,35,0,0,0,1,0,0,0,0,True,1,0,0,0,0,1,1,0,2,False
0,33.0,0,0,5.0,0,0,1,0,0,55,0,1,0,0,0,0,0,0,True,1,0,0,0,0,1,0,1,0,True
0,47.0,0,0,9.0,0,0,1,0,0,0,0,0,0,0,0,0,0,0,False,0,0,1,0,0,1,0,1,0,True
1,28.0,1,0,24.0,0,0,0,1,0,0,0,0,0,0,0,0,0,0,False,0,1,0,1,0,0,1,0,1,False
1,15.0,0,0,7.225,0,1,0,0,0,0,0,0,0,0,0,0,0,0,False,0,0,1,1,0,0,1,0,0,True
0,20.0,0,0,9.8458,0,0,1,0,0,0,0,0,0,0,0,0,0,0,False,0,0,1,0,0,1,0,1,0,True
0,19.0,0,0,7.8958,0,0,1,0,0,0,0,0,0,0,0,0,0,0,False,0,0,1,0,0,1,0,1,0,True
0,16.355631296824388,0,0,7.8958,0,0,1,0,0,0,0,0,0,0,0,0,0,0,False,0,0,1,0,0,1,0,1,0,True
1,56.0,0,1,83.1583,0,0,0,1,0,50,0,0,1,0,0,0,0,0,True,1,0,0,1,0,0,1,0,1,False
1,25.0,0,1,26.0,0,0,0,1,0,0,0,0,0,0,0,0,0,0,False,0,1,0,0,0,1,1,0,1,False
0,33.0,0,0,7.8958,0,0,1,0,0,0,0,0,0,0,0,0,0,0,False,0,0,1,0,0,1,0,1,0,True
0,22.0,0,0,10.5167,0,1,0,0,0,0,0,0,0,0,0,0,0,0,False,0,0,1,0,0,1,1,0,0,True
0,28.0,0,0,10.5,0,0,1,0,0,0,0,0,0,0,0,0,0,0,False,0,1,0,0,0,1,0,1,0,True
0,25.0,0,0,7.05,0,0,1,0,0,0,0,0,0,0,0,0,0,0,False,0,0,1,0,0,1,0,1,0,True
0,39.0,0,5,29.125,0,0,0,1,0,0,0,0,0,0,0,0,0,0,False,0,0,1,0,1,0,1,0,5,False
0,27.0,0,0,13.0,0,0,0,0,1,0,0,0,0,0,0,0,0,0,False,0,1,0,0,0,1,0,1,0,True
1,19.0,0,0,30.0,0,1,0,0,0,42,0,1,0,0,0,0,0,0,True,1,0,0,0,0,1,1,0,0,True
0,19.223907116378484,1,2,23.45,0,1,0,0,0,0,0,0,0,0,0,0,0,0,False,0,0,1,0,0,1,1,0,3,False
1,26.0,0,0,30.0,0,0,1,0,0,148,0,0,1,0,0,0,0,0,True,1,0,0,1,0,0,0,1,0,True
0,32.0,0,0,7.75,0,0,1,0,0,0,0,0,0,0,0,0,0,0,False,0,0,1,0,1,0,0,1,0,True
